Ticker,Name,Inception Date,AUM,Expense Ratio,ROC % (latest),ROC Date,Canary Health,19a-1 Notices,Weekly Data,Latest Date,Latest Adj Close,Dividends Last 12Mo,Dividends YTD,Dividends Since Inception,Price 1Y Ago,Price YTD Start,Price at Inception,Headline Yield (TTM),True Income Yield,Death Clock (years left),Canary Status,Total Return 1Y,Spent-the-Dividends Return 1Y,Take-Home Return 1Y,Take-Home Cash Return 1Y,Total Return YTD,Spent-the-Dividends Return YTD,Take-Home Return YTD,Take-Home Cash Return YTD,Total Return Since Inception,Spent-the-Dividends Return Inception,Take-Home Return Inception,Take-Home Cash Return Inception,Canary Health Value
ABNY,YieldMax ABNB Option Income Strategy ETF,,,,15,12/3/2025,Healthy,40,"12/2/2025,11/26/2025,11/19/2025,11/12/2025,11/5/2025,10/29/2025,10/22/2025,10/15/2025,10/8/2025,10/1/2025,9/24/2025,9/17/2025,9/10/2025,9/3/2025,8/27/2025,8/20/2025,8/13/2025,8/6/2025,7/30/2025,7/23/2025,7/16/2025,7/9/2025,7/2/2025,6/25/2025,6/18/2025,6/11/2025,6/4/2025,5/28/2025,5/21/2025,5/14/2025,5/7/2025,4/30/2025,4/23/2025,4/16/2025,4/9/2025,4/2/2025,3/26/2025,3/19/2025,3/12/2025,3/5/2025,2/26/2025,2/19/2025,2/12/2025,2/5/2025,1/29/2025,1/22/2025,1/15/2025,1/8/2025,1/1/2025,12/25/2024,12/18/2024,12/11/2024,12/4/2024,12/3/2025","12/2/2025, 11/26/2025, 11/19/2025, 11/12/2025, 11/5/2025, 10/29/2025, 10/22/2025, 10/15/2025, 10/8/2025, 10/1/2025, 9/24/2025, 9/17/2025, 9/10/2025, 9/3/2025, 8/27/2025, 8/20/2025, 8/13/2025, 8/6/2025, 7/30/2025, 7/23/2025, 7/16/2025, 7/9/2025, 7/2/2025, 6/25/2025, 6/18/2025, 6/11/2025, 6/4/2025, 5/28/2025, 5/21/2025, 5/14/2025, 5/7/2025, 4/30/2025, 4/23/2025, 4/16/2025, 4/9/2025, 4/2/2025, 3/26/2025, 3/19/2025, 3/12/2025, 3/5/2025, 2/26/2025, 2/19/2025, 2/12/2025, 2/5/2025, 1/29/2025, 1/22/2025, 1/15/2025, 1/8/2025, 1/1/2025, 12/25/2024, 12/18/2024, 12/11/2024, 12/4/2024, 12/3/2025",44.5700,14.2086,13.14720,14.208600,46.1100,46.60000,43.54000,0.3188,0.2710,3.300,Healthy,-0.0334,0.2747,0.01980,0.2131,-0.044,0.2386,-0.0091,0.18210,0.0237,0.3500,0.0800,0.285,Healthy
AIYY,YieldMax AI Option Income Strategy ETF,10/18/2023,580,0.50%,28,12/3/2025,Dying,10,"12/2/2025,11/26/2025,11/19/2025,11/12/2025,11/5/2025,10/29/2025,10/22/2025,10/15/2025,10/8/2025,10/1/2025,9/24/2025,9/17/2025,9/10/2025,9/3/2025,8/27/2025,8/20/2025,8/13/2025,8/6/2025,7/30/2025,7/23/2025,7/16/2025,7/9/2025,7/2/2025,6/25/2025,6/18/2025,6/11/2025,6/4/2025,5/28/2025,5/21/2025,5/14/2025,5/7/2025,4/30/2025,4/23/2025,4/16/2025,4/9/2025,4/2/2025,3/26/2025,3/19/2025,3/12/2025,3/5/2025,2/26/2025,2/19/2025,2/12/2025,2/5/2025,1/29/2025,1/22/2025,1/15/2025,1/8/2025,1/1/2025,12/25/2024,12/18/2024,12/11/2024,12/4/2024,12/3/2025","12/2/2025, 11/26/2025, 11/19/2025, 11/12/2025, 11/5/2025, 10/29/2025, 10/22/2025, 10/15/2025, 10/8/2025, 10/1/2025, 9/24/2025, 9/17/2025, 9/10/2025, 9/3/2025, 8/27/2025, 8/20/2025, 8/13/2025, 8/6/2025, 7/30/2025, 7/23/2025, 7/16/2025, 7/9/2025, 7/2/2025, 6/25/2025, 6/18/2025, 6/11/2025, 6/4/2025, 5/28/2025, 5/21/2025, 5/14/2025, 5/7/2025, 4/30/2025, 4/23/2025, 4/16/2025, 4/9/2025, 4/2/2025, 3/26/2025, 3/19/2025, 3/12/2025, 3/5/2025, 2/26/2025, 2/19/2025, 2/12/2025, 2/5/2025, 1/29/2025, 1/22/2025, 1/15/2025, 1/8/2025, 1/1/2025, 12/25/2024, 12/18/2024, 12/11/2024, 12/4/2024, 12/3/2025",19.2800,14.5394,13.55510,14.539400,19.1700,19.47000,19.68000,0.7541,0.5430,1.800,Dying,0.0057,0.7642,0.41130,0.6125,-0.010,0.6864,0.3492,0.54720,-0.0203,0.7185,0.3748,0.571,Dying
AMDY,YieldMax AMD Option Income Strategy ETF,4/20/2022,250,0.40%,24,12/3/2025,Dying,44,"12/2/2025,11/26/2025,11/19/2025,11/12/2025,11/5/2025,10/29/2025,10/22/2025,10/15/2025,10/8/2025,10/1/2025,9/24/2025,9/17/2025,9/10/2025,9/3/2025,8/27/2025,8/20/2025,8/13/2025,8/6/2025,7/30/2025,7/23/2025,7/16/2025,7/9/2025,7/2/2025,6/25/2025,6/18/2025,6/11/2025,6/4/2025,5/28/2025,5/21/2025,5/14/2025,5/7/2025,4/30/2025,4/23/2025,4/16/2025,4/9/2025,4/2/2025,3/26/2025,3/19/2025,3/12/2025,3/5/2025,2/26/2025,2/19/2025,2/12/2025,2/5/2025,1/29/2025,1/22/2025,1/15/2025,1/8/2025,1/1/2025,12/25/2024,12/18/2024,12/11/2024,12/4/2024,12/3/2025","12/2/2025, 11/26/2025, 11/19/2025, 11/12/2025, 11/5/2025, 10/29/2025, 10/22/2025, 10/15/2025, 10/8/2025, 10/1/2025, 9/24/2025, 9/17/2025, 9/10/2025, 9/3/2025, 8/27/2025, 8/20/2025, 8/13/2025, 8/6/2025, 7/30/2025, 7/23/2025, 7/16/2025, 7/9/2025, 7/2/2025, 6/25/2025, 6/18/2025, 6/11/2025, 6/4/2025, 5/28/2025, 5/21/2025, 5/14/2025, 5/7/2025, 4/30/2025, 4/23/2025, 4/16/2025, 4/9/2025, 4/2/2025, 3/26/2025, 3/19/2025, 3/12/2025, 3/5/2025, 2/26/2025, 2/19/2025, 2/12/2025, 2/5/2025, 1/29/2025, 1/22/2025, 1/15/2025, 1/8/2025, 1/1/2025, 12/25/2024, 12/18/2024, 12/11/2024, 12/4/2024, 12/3/2025",7.8650,14.1647,13.12120,14.164700,8.1200,7.56000,7.84000,1.8010,1.3688,2.100,Dying,-0.0314,1.7130,1.17040,1.3641,0.040,1.7760,1.2208,1.42880,0.0032,1.8099,1.2479,1.449,Dying
AMZY,YieldMax AMZN Option Income Strategy ETF,4/20/2022,380,0.40%,18,12/3/2025,Healthy,15,"12/2/2025,11/26/2025,11/19/2025,11/12/2025,11/5/2025,10/29/2025,10/22/2025,10/15/2025,10/8/2025,10/1/2025,9/24/2025,9/17/2025,9/10/2025,9/3/2025,8/27/2025,8/20/2025,8/13/2025,8/6/2025,7/30/2025,7/23/2025,7/16/2025,7/9/2025,7/2/2025,6/25/2025,6/18/2025,6/11/2025,6/4/2025,5/28/2025,5/21/2025,5/14/2025,5/7/2025,4/30/2025,4/23/2025,4/16/2025,4/9/2025,4/2/2025,3/26/2025,3/19/2025,3/12/2025,3/5/2025,2/26/2025,2/19/2025,2/12/2025,2/5/2025,1/29/2025,1/22/2025,1/15/2025,1/8/2025,1/1/2025,12/25/2024,12/18/2024,12/11/2024,12/4/2024,12/3/2025","12/2/2025, 11/26/2025, 11/19/2025, 11/12/2025, 11/5/2025, 10/29/2025, 10/22/2025, 10/15/2025, 10/8/2025, 10/1/2025, 9/24/2025, 9/17/2025, 9/10/2025, 9/3/2025, 8/27/2025, 8/20/2025, 8/13/2025, 8/6/2025, 7/30/2025, 7/23/2025, 7/16/2025, 7/9/2025, 7/2/2025, 6/25/2025, 6/18/2025, 6/11/2025, 6/4/2025, 5/28/2025, 5/21/2025, 5/14/2025, 5/7/2025, 4/30/2025, 4/23/2025, 4/16/2025, 4/9/2025, 4/2/2025, 3/26/2025, 3/19/2025, 3/12/2025, 3/5/2025, 2/26/2025, 2/19/2025, 2/12/2025, 2/5/2025, 1/29/2025, 1/22/2025, 1/15/2025, 1/8/2025, 1/1/2025, 12/25/2024, 12/18/2024, 12/11/2024, 12/4/2024, 12/3/2025",13.7650,13.7248,12.76280,13.724800,14.1500,13.27000,13.17000,0.9971,0.8176,2.800,Healthy,-0.0272,0.9427,0.55420,0.7488,0.037,0.9991,0.5993,0.80670,0.0452,1.0873,0.6698,0.879,Healthy
APLY,YieldMax AAPL Option Income Strategy ETF,4/20/2022,420,0.40%,22,12/3/2025,Dying,5,"12/2/2025,11/26/2025,11/19/2025,11/12/2025,11/5/2025,10/29/2025,10/22/2025,10/15/2025,10/8/2025,10/1/2025,9/24/2025,9/17/2025,9/10/2025,9/3/2025,8/27/2025,8/20/2025,8/13/2025,8/6/2025,7/30/2025,7/23/2025,7/16/2025,7/9/2025,7/2/2025,6/25/2025,6/18/2025,6/11/2025,6/4/2025,5/28/2025,5/21/2025,5/14/2025,5/7/2025,4/30/2025,4/23/2025,4/16/2025,4/9/2025,4/2/2025,3/26/2025,3/19/2025,3/12/2025,3/5/2025,2/26/2025,2/19/2025,2/12/2025,2/5/2025,1/29/2025,1/22/2025,1/15/2025,1/8/2025,1/1/2025,12/25/2024,12/18/2024,12/11/2024,12/4/2024,12/3/2025","12/2/2025, 11/26/2025, 11/19/2025, 11/12/2025, 11/5/2025, 10/29/2025, 10/22/2025, 10/15/2025, 10/8/2025, 10/1/2025, 9/24/2025, 9/17/2025, 9/10/2025, 9/3/2025, 8/27/2025, 8/20/2025, 8/13/2025, 8/6/2025, 7/30/2025, 7/23/2025, 7/16/2025, 7/9/2025, 7/2/2025, 6/25/2025, 6/18/2025, 6/11/2025, 6/4/2025, 5/28/2025, 5/21/2025, 5/14/2025, 5/7/2025, 4/30/2025, 4/23/2025, 4/16/2025, 4/9/2025, 4/2/2025, 3/26/2025, 3/19/2025, 3/12/2025, 3/5/2025, 2/26/2025, 2/19/2025, 2/12/2025, 2/5/2025, 1/29/2025, 1/22/2025, 1/15/2025, 1/8/2025, 1/1/2025, 12/25/2024, 12/18/2024, 12/11/2024, 12/4/2024, 12/3/2025",14.1100,11.6780,10.56480,11.678000,14.2000,13.59000,13.42000,0.8276,0.6455,2.300,Dying,-0.0063,0.8161,0.45280,0.6516,0.038,0.8157,0.4525,0.66020,0.0514,0.9216,0.5373,0.748,Dying
ARMY,ARMY,,,,15,12/3/2025,Healthy,7,,,,,,,,,,0.0000,0.0000,3.300,Healthy,,,,,,,,,,,,,Healthy
ASMY,ASMY,,,,15,12/3/2025,Healthy,20,,,,,,,,,,0.0000,0.0000,3.300,Healthy,,,,,,,,,,,,,Healthy
AVGY,AVGY,,,,15,12/3/2025,Healthy,31,,,,,,,,,,0.0000,0.0000,3.300,Healthy,,,,,,,,,,,,,Healthy
BABO,YieldMax BABA Option Income Strategy ETF,3/3/2015,95,0.55%,8,12/3/2025,Healthy,14,"12/2/2025,11/26/2025,11/19/2025,11/12/2025,11/5/2025,10/29/2025,10/22/2025,10/15/2025,10/8/2025,10/1/2025,9/24/2025,9/17/2025,9/10/2025,9/3/2025,8/27/2025,8/20/2025,8/13/2025,8/6/2025,7/30/2025,7/23/2025,7/16/2025,7/9/2025,7/2/2025,6/25/2025,6/18/2025,6/11/2025,6/4/2025,5/28/2025,5/21/2025,5/14/2025,5/7/2025,4/30/2025,4/23/2025,4/16/2025,4/9/2025,4/2/2025,3/26/2025,3/19/2025,3/12/2025,3/5/2025,2/26/2025,2/19/2025,2/12/2025,2/5/2025,1/29/2025,1/22/2025,1/15/2025,1/8/2025,1/1/2025,12/25/2024,12/18/2024,12/11/2024,12/4/2024,12/3/2025","12/2/2025, 11/26/2025, 11/19/2025, 11/12/2025, 11/5/2025, 10/29/2025, 10/22/2025, 10/15/2025, 10/8/2025, 10/1/2025, 9/24/2025, 9/17/2025, 9/10/2025, 9/3/2025, 8/27/2025, 8/20/2025, 8/13/2025, 8/6/2025, 7/30/2025, 7/23/2025, 7/16/2025, 7/9/2025, 7/2/2025, 6/25/2025, 6/18/2025, 6/11/2025, 6/4/2025, 5/28/2025, 5/21/2025, 5/14/2025, 5/7/2025, 4/30/2025, 4/23/2025, 4/16/2025, 4/9/2025, 4/2/2025, 3/26/2025, 3/19/2025, 3/12/2025, 3/5/2025, 2/26/2025, 2/19/2025, 2/12/2025, 2/5/2025, 1/29/2025, 1/22/2025, 1/15/2025, 1/8/2025, 1/1/2025, 12/25/2024, 12/18/2024, 12/11/2024, 12/4/2024, 12/3/2025",14.6300,14.4859,13.44150,14.485900,14.4100,15.15000,15.11000,0.9902,0.9110,6.200,Healthy,0.0153,1.0205,0.61640,0.8195,-0.034,0.8529,0.4823,0.67550,-0.0318,0.9269,0.5415,0.735,Healthy
BABY,BABY,,,,15,12/3/2025,Healthy,46,,,,,,,,,,0.0000,0.0000,3.300,Healthy,,,,,,,,,,,,,Healthy
CHPY,YieldMax Semiconductor Portfolio Option Income ETF,4/8/2015,120,0.65%,10,12/3/2025,Healthy,51,"12/2/2025,11/26/2025,11/19/2025,11/12/2025,11/5/2025,10/29/2025,10/22/2025,10/15/2025,10/8/2025,10/1/2025,9/24/2025,9/17/2025,9/10/2025,9/3/2025,8/27/2025,8/20/2025,8/13/2025,8/6/2025,7/30/2025,7/23/2025,7/16/2025,7/9/2025,7/2/2025,6/25/2025,6/18/2025,6/11/2025,6/4/2025,5/28/2025,5/21/2025,5/14/2025,5/7/2025,4/30/2025,4/23/2025,4/16/2025,4/9/2025,4/2/2025,3/26/2025,3/19/2025,3/12/2025,3/5/2025,2/26/2025,2/19/2025,2/12/2025,2/5/2025,1/29/2025,1/22/2025,1/15/2025,1/8/2025,1/1/2025,12/25/2024,12/18/2024,12/11/2024,12/4/2024,12/3/2025","12/2/2025, 11/26/2025, 11/19/2025, 11/12/2025, 11/5/2025, 10/29/2025, 10/22/2025, 10/15/2025, 10/8/2025, 10/1/2025, 9/24/2025, 9/17/2025, 9/10/2025, 9/3/2025, 8/27/2025, 8/20/2025, 8/13/2025, 8/6/2025, 7/30/2025, 7/23/2025, 7/16/2025, 7/9/2025, 7/2/2025, 6/25/2025, 6/18/2025, 6/11/2025, 6/4/2025, 5/28/2025, 5/21/2025, 5/14/2025, 5/7/2025, 4/30/2025, 4/23/2025, 4/16/2025, 4/9/2025, 4/2/2025, 3/26/2025, 3/19/2025, 3/12/2025, 3/5/2025, 2/26/2025, 2/19/2025, 2/12/2025, 2/5/2025, 1/29/2025, 1/22/2025, 1/15/2025, 1/8/2025, 1/1/2025, 12/25/2024, 12/18/2024, 12/11/2024, 12/4/2024, 12/3/2025",56.8080,15.3162,13.90280,15.316200,55.1500,59.32000,56.43000,0.2696,0.2426,5.000,Healthy,0.0301,0.3078,0.04620,0.2522,-0.042,0.1920,-0.0464,0.14510,0.0067,0.2781,0.0225,0.224,Healthy
CONY,YieldMax COIN Option Income Strategy ETF,11/18/2014,65,0.50%,12,12/3/2025,Healthy,21,"12/2/2025,11/26/2025,11/19/2025,11/12/2025,11/5/2025,10/29/2025,10/22/2025,10/15/2025,10/8/2025,10/1/2025,9/24/2025,9/17/2025,9/10/2025,9/3/2025,8/27/2025,8/20/2025,8/13/2025,8/6/2025,7/30/2025,7/23/2025,7/16/2025,7/9/2025,7/2/2025,6/25/2025,6/18/2025,6/11/2025,6/4/2025,5/28/2025,5/21/2025,5/14/2025,5/7/2025,4/30/2025,4/23/2025,4/16/2025,4/9/2025,4/2/2025,3/26/2025,3/19/2025,3/12/2025,3/5/2025,2/26/2025,2/19/2025,2/12/2025,2/5/2025,1/29/2025,1/22/2025,1/15/2025,1/8/2025,1/1/2025,12/25/2024,12/18/2024,12/11/2024,12/4/2024,12/3/2025","12/2/2025, 11/26/2025, 11/19/2025, 11/12/2025, 11/5/2025, 10/29/2025, 10/22/2025, 10/15/2025, 10/8/2025, 10/1/2025, 9/24/2025, 9/17/2025, 9/10/2025, 9/3/2025, 8/27/2025, 8/20/2025, 8/13/2025, 8/6/2025, 7/30/2025, 7/23/2025, 7/16/2025, 7/9/2025, 7/2/2025, 6/25/2025, 6/18/2025, 6/11/2025, 6/4/2025, 5/28/2025, 5/21/2025, 5/14/2025, 5/7/2025, 4/30/2025, 4/23/2025, 4/16/2025, 4/9/2025, 4/2/2025, 3/26/2025, 3/19/2025, 3/12/2025, 3/5/2025, 2/26/2025, 2/19/2025, 2/12/2025, 2/5/2025, 1/29/2025, 1/22/2025, 1/15/2025, 1/8/2025, 1/1/2025, 12/25/2024, 12/18/2024, 12/11/2024, 12/4/2024, 12/3/2025",47.3650,13.0316,12.01430,13.031600,48.4000,44.89000,48.35000,0.2751,0.2421,4.200,Healthy,-0.0214,0.2479,-0.00170,0.1940,0.055,0.3228,0.0582,0.26920,-0.0204,0.2492,-0.0007,0.195,Healthy
COSTY,COSTY,,,,15,12/3/2025,Healthy,34,,,,,,,,,,0.0000,0.0000,3.300,Healthy,,,,,,,,,,,,,Healthy
CRWDY,CRWDY,,,,15,12/3/2025,Healthy,24,,,,,,,,,,0.0000,0.0000,3.300,Healthy,,,,,,,,,,,,,Healthy
FBY,YieldMax META Option Income Strategy ETF,4/20/2022,350,0.40%,20,12/3/2025,Dying,18,"12/2/2025,11/26/2025,11/19/2025,11/12/2025,11/5/2025,10/29/2025,10/22/2025,10/15/2025,10/8/2025,10/1/2025,9/24/2025,9/17/2025,9/10/2025,9/3/2025,8/27/2025,8/20/2025,8/13/2025,8/6/2025,7/30/2025,7/23/2025,7/16/2025,7/9/2025,7/2/2025,6/25/2025,6/18/2025,6/11/2025,6/4/2025,5/28/2025,5/21/2025,5/14/2025,5/7/2025,4/30/2025,4/23/2025,4/16/2025,4/9/2025,4/2/2025,3/26/2025,3/19/2025,3/12/2025,3/5/2025,2/26/2025,2/19/2025,2/12/2025,2/5/2025,1/29/2025,1/22/2025,1/15/2025,1/8/2025,1/1/2025,12/25/2024,12/18/2024,12/11/2024,12/4/2024,12/3/2025","12/2/2025, 11/26/2025, 11/19/2025, 11/12/2025, 11/5/2025, 10/29/2025, 10/22/2025, 10/15/2025, 10/8/2025, 10/1/2025, 9/24/2025, 9/17/2025, 9/10/2025, 9/3/2025, 8/27/2025, 8/20/2025, 8/13/2025, 8/6/2025, 7/30/2025, 7/23/2025, 7/16/2025, 7/9/2025, 7/2/2025, 6/25/2025, 6/18/2025, 6/11/2025, 6/4/2025, 5/28/2025, 5/21/2025, 5/14/2025, 5/7/2025, 4/30/2025, 4/23/2025, 4/16/2025, 4/9/2025, 4/2/2025, 3/26/2025, 3/19/2025, 3/12/2025, 3/5/2025, 2/26/2025, 2/19/2025, 2/12/2025, 2/5/2025, 1/29/2025, 1/22/2025, 1/15/2025, 1/8/2025, 1/1/2025, 12/25/2024, 12/18/2024, 12/11/2024, 12/4/2024, 12/3/2025",12.9950,12.3030,11.44740,12.303000,12.7800,13.11000,12.55000,0.9467,0.7574,2.500,Dying,0.0168,0.9795,0.58360,0.7870,-0.009,0.8644,0.4915,0.68980,0.0355,1.0158,0.6126,0.820,Dying
GLDY,Defiance Gold Enhanced Options Income ETF,1/10/2011,320,0.19%,3,12/3/2025,Healthy,6,"12/2/2025,11/26/2025,11/19/2025,11/12/2025,11/5/2025,10/29/2025,10/22/2025,10/15/2025,10/8/2025,10/1/2025,9/24/2025,9/17/2025,9/10/2025,9/3/2025,8/27/2025,8/20/2025,8/13/2025,8/6/2025,7/30/2025,7/23/2025,7/16/2025,7/9/2025,7/2/2025,6/25/2025,6/18/2025,6/11/2025,6/4/2025,5/28/2025,5/21/2025,5/14/2025,5/7/2025,4/30/2025,4/23/2025,4/16/2025,4/9/2025,4/2/2025,3/26/2025,3/19/2025,3/12/2025,3/5/2025,2/26/2025,2/19/2025,2/12/2025,2/5/2025,1/29/2025,1/22/2025,1/15/2025,1/8/2025,1/1/2025,12/25/2024,12/18/2024,12/11/2024,12/4/2024,12/3/2025","12/2/2025, 11/26/2025, 11/19/2025, 11/12/2025, 11/5/2025, 10/29/2025, 10/22/2025, 10/15/2025, 10/8/2025, 10/1/2025, 9/24/2025, 9/17/2025, 9/10/2025, 9/3/2025, 8/27/2025, 8/20/2025, 8/13/2025, 8/6/2025, 7/30/2025, 7/23/2025, 7/16/2025, 7/9/2025, 7/2/2025, 6/25/2025, 6/18/2025, 6/11/2025, 6/4/2025, 5/28/2025, 5/21/2025, 5/14/2025, 5/7/2025, 4/30/2025, 4/23/2025, 4/16/2025, 4/9/2025, 4/2/2025, 3/26/2025, 3/19/2025, 3/12/2025, 3/5/2025, 2/26/2025, 2/19/2025, 2/12/2025, 2/5/2025, 1/29/2025, 1/22/2025, 1/15/2025, 1/8/2025, 1/1/2025, 12/25/2024, 12/18/2024, 12/11/2024, 12/4/2024, 12/3/2025",16.7850,14.3910,13.50640,14.391000,16.3000,16.22000,16.48000,0.8574,0.8317,16.700,Healthy,0.0298,0.9126,0.53010,0.7361,0.035,0.8675,0.4940,0.70100,0.0185,0.8917,0.5134,0.717,Healthy
GOOY,YieldMax GOOGL Option Income Strategy ETF,11/11/2022,280,0.40%,18,12/3/2025,Healthy,35,"12/2/2025,11/26/2025,11/19/2025,11/12/2025,11/5/2025,10/29/2025,10/22/2025,10/15/2025,10/8/2025,10/1/2025,9/24/2025,9/17/2025,9/10/2025,9/3/2025,8/27/2025,8/20/2025,8/13/2025,8/6/2025,7/30/2025,7/23/2025,7/16/2025,7/9/2025,7/2/2025,6/25/2025,6/18/2025,6/11/2025,6/4/2025,5/28/2025,5/21/2025,5/14/2025,5/7/2025,4/30/2025,4/23/2025,4/16/2025,4/9/2025,4/2/2025,3/26/2025,3/19/2025,3/12/2025,3/5/2025,2/26/2025,2/19/2025,2/12/2025,2/5/2025,1/29/2025,1/22/2025,1/15/2025,1/8/2025,1/1/2025,12/25/2024,12/18/2024,12/11/2024,12/4/2024,12/3/2025","12/2/2025, 11/26/2025, 11/19/2025, 11/12/2025, 11/5/2025, 10/29/2025, 10/22/2025, 10/15/2025, 10/8/2025, 10/1/2025, 9/24/2025, 9/17/2025, 9/10/2025, 9/3/2025, 8/27/2025, 8/20/2025, 8/13/2025, 8/6/2025, 7/30/2025, 7/23/2025, 7/16/2025, 7/9/2025, 7/2/2025, 6/25/2025, 6/18/2025, 6/11/2025, 6/4/2025, 5/28/2025, 5/21/2025, 5/14/2025, 5/7/2025, 4/30/2025, 4/23/2025, 4/16/2025, 4/9/2025, 4/2/2025, 3/26/2025, 3/19/2025, 3/12/2025, 3/5/2025, 2/26/2025, 2/19/2025, 2/12/2025, 2/5/2025, 1/29/2025, 1/22/2025, 1/15/2025, 1/8/2025, 1/1/2025, 12/25/2024, 12/18/2024, 12/11/2024, 12/4/2024, 12/3/2025",15.2600,14.4046,13.28960,14.404600,15.3900,15.50000,16.01000,0.9439,0.7740,2.800,Healthy,-0.0084,0.9275,0.54200,0.7403,-0.016,0.8419,0.4735,0.67040,-0.0468,0.8529,0.4823,0.673,Healthy
GPTY,YieldMax AI & Tech Portfolio Option Income ETF,6/29/2011,180,0.45%,6,12/3/2025,Healthy,49,"12/2/2025,11/26/2025,11/19/2025,11/12/2025,11/5/2025,10/29/2025,10/22/2025,10/15/2025,10/8/2025,10/1/2025,9/24/2025,9/17/2025,9/10/2025,9/3/2025,8/27/2025,8/20/2025,8/13/2025,8/6/2025,7/30/2025,7/23/2025,7/16/2025,7/9/2025,7/2/2025,6/25/2025,6/18/2025,6/11/2025,6/4/2025,5/28/2025,5/21/2025,5/14/2025,5/7/2025,4/30/2025,4/23/2025,4/16/2025,4/9/2025,4/2/2025,3/26/2025,3/19/2025,3/12/2025,3/5/2025,2/26/2025,2/19/2025,2/12/2025,2/5/2025,1/29/2025,1/22/2025,1/15/2025,1/8/2025,1/1/2025,12/25/2024,12/18/2024,12/11/2024,12/4/2024,12/3/2025","12/2/2025, 11/26/2025, 11/19/2025, 11/12/2025, 11/5/2025, 10/29/2025, 10/22/2025, 10/15/2025, 10/8/2025, 10/1/2025, 9/24/2025, 9/17/2025, 9/10/2025, 9/3/2025, 8/27/2025, 8/20/2025, 8/13/2025, 8/6/2025, 7/30/2025, 7/23/2025, 7/16/2025, 7/9/2025, 7/2/2025, 6/25/2025, 6/18/2025, 6/11/2025, 6/4/2025, 5/28/2025, 5/21/2025, 5/14/2025, 5/7/2025, 4/30/2025, 4/23/2025, 4/16/2025, 4/9/2025, 4/2/2025, 3/26/2025, 3/19/2025, 3/12/2025, 3/5/2025, 2/26/2025, 2/19/2025, 2/12/2025, 2/5/2025, 1/29/2025, 1/22/2025, 1/15/2025, 1/8/2025, 1/1/2025, 12/25/2024, 12/18/2024, 12/11/2024, 12/4/2024, 12/3/2025",44.4900,13.0775,12.01530,13.077500,45.0400,46.42000,44.97000,0.2939,0.2763,8.300,Healthy,-0.0122,0.2781,0.02250,0.2201,-0.042,0.2173,-0.0262,0.16550,-0.0107,0.2801,0.0241,0.222,Healthy
IWMY,Defiance - R2000 Enhanced Options Income ETF,6/24/2014,140,0.60%,9,12/3/2025,Healthy,45,"12/2/2025,11/26/2025,11/19/2025,11/12/2025,11/5/2025,10/29/2025,10/22/2025,10/15/2025,10/8/2025,10/1/2025,9/24/2025,9/17/2025,9/10/2025,9/3/2025,8/27/2025,8/20/2025,8/13/2025,8/6/2025,7/30/2025,7/23/2025,7/16/2025,7/9/2025,7/2/2025,6/25/2025,6/18/2025,6/11/2025,6/4/2025,5/28/2025,5/21/2025,5/14/2025,5/7/2025,4/30/2025,4/23/2025,4/16/2025,4/9/2025,4/2/2025,3/26/2025,3/19/2025,3/12/2025,3/5/2025,2/26/2025,2/19/2025,2/12/2025,2/5/2025,1/29/2025,1/22/2025,1/15/2025,1/8/2025,1/1/2025,12/25/2024,12/18/2024,12/11/2024,12/4/2024,12/3/2025","12/2/2025, 11/26/2025, 11/19/2025, 11/12/2025, 11/5/2025, 10/29/2025, 10/22/2025, 10/15/2025, 10/8/2025, 10/1/2025, 9/24/2025, 9/17/2025, 9/10/2025, 9/3/2025, 8/27/2025, 8/20/2025, 8/13/2025, 8/6/2025, 7/30/2025, 7/23/2025, 7/16/2025, 7/9/2025, 7/2/2025, 6/25/2025, 6/18/2025, 6/11/2025, 6/4/2025, 5/28/2025, 5/21/2025, 5/14/2025, 5/7/2025, 4/30/2025, 4/23/2025, 4/16/2025, 4/9/2025, 4/2/2025, 3/26/2025, 3/19/2025, 3/12/2025, 3/5/2025, 2/26/2025, 2/19/2025, 2/12/2025, 2/5/2025, 1/29/2025, 1/22/2025, 1/15/2025, 1/8/2025, 1/1/2025, 12/25/2024, 12/18/2024, 12/11/2024, 12/4/2024, 12/3/2025",20.4650,15.2596,14.21860,15.259600,20.2200,20.70000,19.45000,0.7456,0.6785,5.600,Healthy,0.0121,0.7668,0.41340,0.6159,-0.011,0.6755,0.3404,0.53820,0.0522,0.8367,0.4694,0.680,Healthy
JEDI,Etf Series Solutions - Defiance Drone and Modern Warfare Etf,6/16/2006,320,0.38%,7,12/3/2025,Healthy,33,"12/2/2025,11/26/2025,11/19/2025,11/12/2025,11/5/2025,10/29/2025,10/22/2025,10/15/2025,10/8/2025,10/1/2025,9/24/2025,9/17/2025,9/10/2025,9/3/2025,8/27/2025,8/20/2025,8/13/2025,8/6/2025,7/30/2025,7/23/2025,7/16/2025,7/9/2025,7/2/2025,6/25/2025,6/18/2025,6/11/2025,6/4/2025,5/28/2025,5/21/2025,5/14/2025,5/7/2025,4/30/2025,4/23/2025,4/16/2025,4/9/2025,4/2/2025,3/26/2025,3/19/2025,3/12/2025,3/5/2025,2/26/2025,2/19/2025,2/12/2025,2/5/2025,1/29/2025,1/22/2025,1/15/2025,1/8/2025,1/1/2025,12/25/2024,12/18/2024,12/11/2024,12/4/2024,12/3/2025","12/2/2025, 11/26/2025, 11/19/2025, 11/12/2025, 11/5/2025, 10/29/2025, 10/22/2025, 10/15/2025, 10/8/2025, 10/1/2025, 9/24/2025, 9/17/2025, 9/10/2025, 9/3/2025, 8/27/2025, 8/20/2025, 8/13/2025, 8/6/2025, 7/30/2025, 7/23/2025, 7/16/2025, 7/9/2025, 7/2/2025, 6/25/2025, 6/18/2025, 6/11/2025, 6/4/2025, 5/28/2025, 5/21/2025, 5/14/2025, 5/7/2025, 4/30/2025, 4/23/2025, 4/16/2025, 4/9/2025, 4/2/2025, 3/26/2025, 3/19/2025, 3/12/2025, 3/5/2025, 2/26/2025, 2/19/2025, 2/12/2025, 2/5/2025, 1/29/2025, 1/22/2025, 1/15/2025, 1/8/2025, 1/1/2025, 12/25/2024, 12/18/2024, 12/11/2024, 12/4/2024, 12/3/2025",22.5413,13.2788,11.81510,13.278800,22.0900,21.69000,22.16000,0.5891,0.5479,7.100,Healthy,0.0204,0.6216,0.29720,0.5013,0.039,0.5840,0.2672,0.47500,0.0172,0.6164,0.2931,0.497,Healthy
LFGY,YieldMax Crypto Industry & Tech Portfolio Option Income ETF,4/14/2021,75,0.55%,14,12/3/2025,Healthy,37,"12/2/2025,11/26/2025,11/19/2025,11/12/2025,11/5/2025,10/29/2025,10/22/2025,10/15/2025,10/8/2025,10/1/2025,9/24/2025,9/17/2025,9/10/2025,9/3/2025,8/27/2025,8/20/2025,8/13/2025,8/6/2025,7/30/2025,7/23/2025,7/16/2025,7/9/2025,7/2/2025,6/25/2025,6/18/2025,6/11/2025,6/4/2025,5/28/2025,5/21/2025,5/14/2025,5/7/2025,4/30/2025,4/23/2025,4/16/2025,4/9/2025,4/2/2025,3/26/2025,3/19/2025,3/12/2025,3/5/2025,2/26/2025,2/19/2025,2/12/2025,2/5/2025,1/29/2025,1/22/2025,1/15/2025,1/8/2025,1/1/2025,12/25/2024,12/18/2024,12/11/2024,12/4/2024,12/3/2025","12/2/2025, 11/26/2025, 11/19/2025, 11/12/2025, 11/5/2025, 10/29/2025, 10/22/2025, 10/15/2025, 10/8/2025, 10/1/2025, 9/24/2025, 9/17/2025, 9/10/2025, 9/3/2025, 8/27/2025, 8/20/2025, 8/13/2025, 8/6/2025, 7/30/2025, 7/23/2025, 7/16/2025, 7/9/2025, 7/2/2025, 6/25/2025, 6/18/2025, 6/11/2025, 6/4/2025, 5/28/2025, 5/21/2025, 5/14/2025, 5/7/2025, 4/30/2025, 4/23/2025, 4/16/2025, 4/9/2025, 4/2/2025, 3/26/2025, 3/19/2025, 3/12/2025, 3/5/2025, 2/26/2025, 2/19/2025, 2/12/2025, 2/5/2025, 1/29/2025, 1/22/2025, 1/15/2025, 1/8/2025, 1/1/2025, 12/25/2024, 12/18/2024, 12/11/2024, 12/4/2024, 12/3/2025",28.3500,12.0511,11.36020,12.051100,29.0600,28.37000,28.51000,0.4251,0.3656,3.600,Healthy,-0.0244,0.3903,0.11220,0.3073,-0.001,0.3997,0.1198,0.31960,-0.0056,0.4171,0.1337,0.333,Healthy
MRNY,YieldMax MRNA Option Income Strategy ETF,6/28/2012,220,0.45%,10,12/3/2025,Healthy,36,"12/2/2025,11/26/2025,11/19/2025,11/12/2025,11/5/2025,10/29/2025,10/22/2025,10/15/2025,10/8/2025,10/1/2025,9/24/2025,9/17/2025,9/10/2025,9/3/2025,8/27/2025,8/20/2025,8/13/2025,8/6/2025,7/30/2025,7/23/2025,7/16/2025,7/9/2025,7/2/2025,6/25/2025,6/18/2025,6/11/2025,6/4/2025,5/28/2025,5/21/2025,5/14/2025,5/7/2025,4/30/2025,4/23/2025,4/16/2025,4/9/2025,4/2/2025,3/26/2025,3/19/2025,3/12/2025,3/5/2025,2/26/2025,2/19/2025,2/12/2025,2/5/2025,1/29/2025,1/22/2025,1/15/2025,1/8/2025,1/1/2025,12/25/2024,12/18/2024,12/11/2024,12/4/2024,12/3/2025","12/2/2025, 11/26/2025, 11/19/2025, 11/12/2025, 11/5/2025, 10/29/2025, 10/22/2025, 10/15/2025, 10/8/2025, 10/1/2025, 9/24/2025, 9/17/2025, 9/10/2025, 9/3/2025, 8/27/2025, 8/20/2025, 8/13/2025, 8/6/2025, 7/30/2025, 7/23/2025, 7/16/2025, 7/9/2025, 7/2/2025, 6/25/2025, 6/18/2025, 6/11/2025, 6/4/2025, 5/28/2025, 5/21/2025, 5/14/2025, 5/7/2025, 4/30/2025, 4/23/2025, 4/16/2025, 4/9/2025, 4/2/2025, 3/26/2025, 3/19/2025, 3/12/2025, 3/5/2025, 2/26/2025, 2/19/2025, 2/12/2025, 2/5/2025, 1/29/2025, 1/22/2025, 1/15/2025, 1/8/2025, 1/1/2025, 12/25/2024, 12/18/2024, 12/11/2024, 12/4/2024, 12/3/2025",14.3700,14.2360,13.17750,14.236000,14.4400,13.69000,14.59000,0.9907,0.8916,5.000,Healthy,-0.0048,0.9810,0.58480,0.7839,0.050,1.0122,0.6098,0.81970,-0.0151,0.9607,0.5685,0.766,Healthy
MSFO,YieldMax MSFT Option Income Strategy ETF,10/18/2023,650,0.40%,26,12/3/2025,Dying,41,"12/2/2025,11/26/2025,11/19/2025,11/12/2025,11/5/2025,10/29/2025,10/22/2025,10/15/2025,10/8/2025,10/1/2025,9/24/2025,9/17/2025,9/10/2025,9/3/2025,8/27/2025,8/20/2025,8/13/2025,8/6/2025,7/30/2025,7/23/2025,7/16/2025,7/9/2025,7/2/2025,6/25/2025,6/18/2025,6/11/2025,6/4/2025,5/28/2025,5/21/2025,5/14/2025,5/7/2025,4/30/2025,4/23/2025,4/16/2025,4/9/2025,4/2/2025,3/26/2025,3/19/2025,3/12/2025,3/5/2025,2/26/2025,2/19/2025,2/12/2025,2/5/2025,1/29/2025,1/22/2025,1/15/2025,1/8/2025,1/1/2025,12/25/2024,12/18/2024,12/11/2024,12/4/2024,12/3/2025","12/2/2025, 11/26/2025, 11/19/2025, 11/12/2025, 11/5/2025, 10/29/2025, 10/22/2025, 10/15/2025, 10/8/2025, 10/1/2025, 9/24/2025, 9/17/2025, 9/10/2025, 9/3/2025, 8/27/2025, 8/20/2025, 8/13/2025, 8/6/2025, 7/30/2025, 7/23/2025, 7/16/2025, 7/9/2025, 7/2/2025, 6/25/2025, 6/18/2025, 6/11/2025, 6/4/2025, 5/28/2025, 5/21/2025, 5/14/2025, 5/7/2025, 4/30/2025, 4/23/2025, 4/16/2025, 4/9/2025, 4/2/2025, 3/26/2025, 3/19/2025, 3/12/2025, 3/5/2025, 2/26/2025, 2/19/2025, 2/12/2025, 2/5/2025, 1/29/2025, 1/22/2025, 1/15/2025, 1/8/2025, 1/1/2025, 12/25/2024, 12/18/2024, 12/11/2024, 12/4/2024, 12/3/2025",15.9200,13.7853,12.84470,13.785300,16.2700,16.36000,15.40000,0.8659,0.6408,1.900,Dying,-0.0215,0.8258,0.46060,0.6563,-0.027,0.7582,0.4066,0.60120,0.0338,0.9289,0.5431,0.750,Dying
MSTW,Roundhill MSTR WeeklyPay ETF,5/13/2022,125,0.45%,16,12/3/2025,Healthy,47,"12/2/2025,11/26/2025,11/19/2025,11/12/2025,11/5/2025,10/29/2025,10/22/2025,10/15/2025,10/8/2025,10/1/2025,9/24/2025,9/17/2025,9/10/2025,9/3/2025,8/27/2025,8/20/2025,8/13/2025,8/6/2025,7/30/2025,7/23/2025,7/16/2025,7/9/2025,7/2/2025,6/25/2025,6/18/2025,6/11/2025,6/4/2025,5/28/2025,5/21/2025,5/14/2025,5/7/2025,4/30/2025,4/23/2025,4/16/2025,4/9/2025,4/2/2025,3/26/2025,3/19/2025,3/12/2025,3/5/2025,2/26/2025,2/19/2025,2/12/2025,2/5/2025,1/29/2025,1/22/2025,1/15/2025,1/8/2025,1/1/2025,12/25/2024,12/18/2024,12/11/2024,12/4/2024,12/3/2025","12/2/2025, 11/26/2025, 11/19/2025, 11/12/2025, 11/5/2025, 10/29/2025, 10/22/2025, 10/15/2025, 10/8/2025, 10/1/2025, 9/24/2025, 9/17/2025, 9/10/2025, 9/3/2025, 8/27/2025, 8/20/2025, 8/13/2025, 8/6/2025, 7/30/2025, 7/23/2025, 7/16/2025, 7/9/2025, 7/2/2025, 6/25/2025, 6/18/2025, 6/11/2025, 6/4/2025, 5/28/2025, 5/21/2025, 5/14/2025, 5/7/2025, 4/30/2025, 4/23/2025, 4/16/2025, 4/9/2025, 4/2/2025, 3/26/2025, 3/19/2025, 3/12/2025, 3/5/2025, 2/26/2025, 2/19/2025, 2/12/2025, 2/5/2025, 1/29/2025, 1/22/2025, 1/15/2025, 1/8/2025, 1/1/2025, 12/25/2024, 12/18/2024, 12/11/2024, 12/4/2024, 12/3/2025",13.5350,12.9028,12.28090,12.902800,13.3600,13.52000,12.92000,0.9533,0.8008,3.100,Healthy,0.0131,0.9789,0.58310,0.7857,0.001,0.9095,0.5276,0.72780,0.0476,1.0463,0.6370,0.847,Healthy
MSTY,Yieldmax MSTR Option Income Strategy ETF,6/20/2017,150,0.55%,10,12/3/2025,Healthy,12,"12/2/2025,11/26/2025,11/19/2025,11/12/2025,11/5/2025,10/29/2025,10/22/2025,10/15/2025,10/8/2025,10/1/2025,9/24/2025,9/17/2025,9/10/2025,9/3/2025,8/27/2025,8/20/2025,8/13/2025,8/6/2025,7/30/2025,7/23/2025,7/16/2025,7/9/2025,7/2/2025,6/25/2025,6/18/2025,6/11/2025,6/4/2025,5/28/2025,5/21/2025,5/14/2025,5/7/2025,4/30/2025,4/23/2025,4/16/2025,4/9/2025,4/2/2025,3/26/2025,3/19/2025,3/12/2025,3/5/2025,2/26/2025,2/19/2025,2/12/2025,2/5/2025,1/29/2025,1/22/2025,1/15/2025,1/8/2025,1/1/2025,12/25/2024,12/18/2024,12/11/2024,12/4/2024,12/3/2025","12/2/2025, 11/26/2025, 11/19/2025, 11/12/2025, 11/5/2025, 10/29/2025, 10/22/2025, 10/15/2025, 10/8/2025, 10/1/2025, 9/24/2025, 9/17/2025, 9/10/2025, 9/3/2025, 8/27/2025, 8/20/2025, 8/13/2025, 8/6/2025, 7/30/2025, 7/23/2025, 7/16/2025, 7/9/2025, 7/2/2025, 6/25/2025, 6/18/2025, 6/11/2025, 6/4/2025, 5/28/2025, 5/21/2025, 5/14/2025, 5/7/2025, 4/30/2025, 4/23/2025, 4/16/2025, 4/9/2025, 4/2/2025, 3/26/2025, 3/19/2025, 3/12/2025, 3/5/2025, 2/26/2025, 2/19/2025, 2/12/2025, 2/5/2025, 1/29/2025, 1/22/2025, 1/15/2025, 1/8/2025, 1/1/2025, 12/25/2024, 12/18/2024, 12/11/2024, 12/4/2024, 12/3/2025",7.2810,13.9035,12.88770,13.903500,7.5600,7.40000,7.25000,1.9096,1.7186,5.000,Healthy,-0.0369,1.8022,1.24170,1.4344,-0.016,1.7255,1.1804,1.37720,0.0043,1.9220,1.3376,1.539,Healthy
NVDY,YieldMax NVDA Option Income Strategy ETF,6/28/2023,180,0.60%,25,12/3/2025,Dying,32,"12/2/2025,11/26/2025,11/19/2025,11/12/2025,11/5/2025,10/29/2025,10/22/2025,10/15/2025,10/8/2025,10/1/2025,9/24/2025,9/17/2025,9/10/2025,9/3/2025,8/27/2025,8/20/2025,8/13/2025,8/6/2025,7/30/2025,7/23/2025,7/16/2025,7/9/2025,7/2/2025,6/25/2025,6/18/2025,6/11/2025,6/4/2025,5/28/2025,5/21/2025,5/14/2025,5/7/2025,4/30/2025,4/23/2025,4/16/2025,4/9/2025,4/2/2025,3/26/2025,3/19/2025,3/12/2025,3/5/2025,2/26/2025,2/19/2025,2/12/2025,2/5/2025,1/29/2025,1/22/2025,1/15/2025,1/8/2025,1/1/2025,12/25/2024,12/18/2024,12/11/2024,12/4/2024,12/3/2025","12/2/2025, 11/26/2025, 11/19/2025, 11/12/2025, 11/5/2025, 10/29/2025, 10/22/2025, 10/15/2025, 10/8/2025, 10/1/2025, 9/24/2025, 9/17/2025, 9/10/2025, 9/3/2025, 8/27/2025, 8/20/2025, 8/13/2025, 8/6/2025, 7/30/2025, 7/23/2025, 7/16/2025, 7/9/2025, 7/2/2025, 6/25/2025, 6/18/2025, 6/11/2025, 6/4/2025, 5/28/2025, 5/21/2025, 5/14/2025, 5/7/2025, 4/30/2025, 4/23/2025, 4/16/2025, 4/9/2025, 4/2/2025, 3/26/2025, 3/19/2025, 3/12/2025, 3/5/2025, 2/26/2025, 2/19/2025, 2/12/2025, 2/5/2025, 1/29/2025, 1/22/2025, 1/15/2025, 1/8/2025, 1/1/2025, 12/25/2024, 12/18/2024, 12/11/2024, 12/4/2024, 12/3/2025",14.6325,15.8190,14.68600,15.819000,14.4500,15.11000,15.37000,1.0811,0.8108,2.000,Dying,0.0126,1.1074,0.68590,0.8884,-0.032,0.9403,0.5523,0.74590,-0.0480,0.9812,0.5850,0.775,Dying
PLTY,YieldMax PLTR Option Income Strategy ETF,8/23/2012,45,0.65%,5,12/3/2025,Healthy,4,"12/2/2025,11/26/2025,11/19/2025,11/12/2025,11/5/2025,10/29/2025,10/22/2025,10/15/2025,10/8/2025,10/1/2025,9/24/2025,9/17/2025,9/10/2025,9/3/2025,8/27/2025,8/20/2025,8/13/2025,8/6/2025,7/30/2025,7/23/2025,7/16/2025,7/9/2025,7/2/2025,6/25/2025,6/18/2025,6/11/2025,6/4/2025,5/28/2025,5/21/2025,5/14/2025,5/7/2025,4/30/2025,4/23/2025,4/16/2025,4/9/2025,4/2/2025,3/26/2025,3/19/2025,3/12/2025,3/5/2025,2/26/2025,2/19/2025,2/12/2025,2/5/2025,1/29/2025,1/22/2025,1/15/2025,1/8/2025,1/1/2025,12/25/2024,12/18/2024,12/11/2024,12/4/2024,12/3/2025","12/2/2025, 11/26/2025, 11/19/2025, 11/12/2025, 11/5/2025, 10/29/2025, 10/22/2025, 10/15/2025, 10/8/2025, 10/1/2025, 9/24/2025, 9/17/2025, 9/10/2025, 9/3/2025, 8/27/2025, 8/20/2025, 8/13/2025, 8/6/2025, 7/30/2025, 7/23/2025, 7/16/2025, 7/9/2025, 7/2/2025, 6/25/2025, 6/18/2025, 6/11/2025, 6/4/2025, 5/28/2025, 5/21/2025, 5/14/2025, 5/7/2025, 4/30/2025, 4/23/2025, 4/16/2025, 4/9/2025, 4/2/2025, 3/26/2025, 3/19/2025, 3/12/2025, 3/5/2025, 2/26/2025, 2/19/2025, 2/12/2025, 2/5/2025, 1/29/2025, 1/22/2025, 1/15/2025, 1/8/2025, 1/1/2025, 12/25/2024, 12/18/2024, 12/11/2024, 12/4/2024, 12/3/2025",54.0000,15.1227,13.54750,15.122700,52.6900,54.70000,56.27000,0.2801,0.2661,10.000,Healthy,0.0249,0.3119,0.04950,0.2545,-0.013,0.2349,-0.0121,0.18530,-0.0403,0.2284,-0.0173,0.175,Healthy
QDTE,Roundhill Innovation-100 0DTE Covered Call Strategy ETF,11/23/2010,280,1.08%,32,12/3/2025,Dying,9,"12/2/2025,11/26/2025,11/19/2025,11/12/2025,11/5/2025,10/29/2025,10/22/2025,10/15/2025,10/8/2025,10/1/2025,9/24/2025,9/17/2025,9/10/2025,9/3/2025,8/27/2025,8/20/2025,8/13/2025,8/6/2025,7/30/2025,7/23/2025,7/16/2025,7/9/2025,7/2/2025,6/25/2025,6/18/2025,6/11/2025,6/4/2025,5/28/2025,5/21/2025,5/14/2025,5/7/2025,4/30/2025,4/23/2025,4/16/2025,4/9/2025,4/2/2025,3/26/2025,3/19/2025,3/12/2025,3/5/2025,2/26/2025,2/19/2025,2/12/2025,2/5/2025,1/29/2025,1/22/2025,1/15/2025,1/8/2025,1/1/2025,12/25/2024,12/18/2024,12/11/2024,12/4/2024,12/3/2025","12/2/2025, 11/26/2025, 11/19/2025, 11/12/2025, 11/5/2025, 10/29/2025, 10/22/2025, 10/15/2025, 10/8/2025, 10/1/2025, 9/24/2025, 9/17/2025, 9/10/2025, 9/3/2025, 8/27/2025, 8/20/2025, 8/13/2025, 8/6/2025, 7/30/2025, 7/23/2025, 7/16/2025, 7/9/2025, 7/2/2025, 6/25/2025, 6/18/2025, 6/11/2025, 6/4/2025, 5/28/2025, 5/21/2025, 5/14/2025, 5/7/2025, 4/30/2025, 4/23/2025, 4/16/2025, 4/9/2025, 4/2/2025, 3/26/2025, 3/19/2025, 3/12/2025, 3/5/2025, 2/26/2025, 2/19/2025, 2/12/2025, 2/5/2025, 1/29/2025, 1/22/2025, 1/15/2025, 1/8/2025, 1/1/2025, 12/25/2024, 12/18/2024, 12/11/2024, 12/4/2024, 12/3/2025",35.2072,14.2672,12.88560,14.267200,34.0600,33.64000,34.16000,0.4052,0.2755,1.600,Dying,0.0337,0.4526,0.16210,0.3688,0.047,0.4296,0.1437,0.35300,0.0307,0.4483,0.1587,0.365,Dying
QDTY,YieldMax Nasdaq 100 0DTE Covered Call Strategy ETF,3/4/2021,95,0.60%,18,12/3/2025,Healthy,11,"12/2/2025,11/26/2025,11/19/2025,11/12/2025,11/5/2025,10/29/2025,10/22/2025,10/15/2025,10/8/2025,10/1/2025,9/24/2025,9/17/2025,9/10/2025,9/3/2025,8/27/2025,8/20/2025,8/13/2025,8/6/2025,7/30/2025,7/23/2025,7/16/2025,7/9/2025,7/2/2025,6/25/2025,6/18/2025,6/11/2025,6/4/2025,5/28/2025,5/21/2025,5/14/2025,5/7/2025,4/30/2025,4/23/2025,4/16/2025,4/9/2025,4/2/2025,3/26/2025,3/19/2025,3/12/2025,3/5/2025,2/26/2025,2/19/2025,2/12/2025,2/5/2025,1/29/2025,1/22/2025,1/15/2025,1/8/2025,1/1/2025,12/25/2024,12/18/2024,12/11/2024,12/4/2024,12/3/2025","12/2/2025, 11/26/2025, 11/19/2025, 11/12/2025, 11/5/2025, 10/29/2025, 10/22/2025, 10/15/2025, 10/8/2025, 10/1/2025, 9/24/2025, 9/17/2025, 9/10/2025, 9/3/2025, 8/27/2025, 8/20/2025, 8/13/2025, 8/6/2025, 7/30/2025, 7/23/2025, 7/16/2025, 7/9/2025, 7/2/2025, 6/25/2025, 6/18/2025, 6/11/2025, 6/4/2025, 5/28/2025, 5/21/2025, 5/14/2025, 5/7/2025, 4/30/2025, 4/23/2025, 4/16/2025, 4/9/2025, 4/2/2025, 3/26/2025, 3/19/2025, 3/12/2025, 3/5/2025, 2/26/2025, 2/19/2025, 2/12/2025, 2/5/2025, 1/29/2025, 1/22/2025, 1/15/2025, 1/8/2025, 1/1/2025, 12/25/2024, 12/18/2024, 12/11/2024, 12/4/2024, 12/3/2025",44.5000,14.9175,13.42160,14.917500,42.3500,45.47000,42.63000,0.3352,0.2749,2.800,Healthy,0.0508,0.4030,0.12240,0.3326,-0.021,0.2738,0.0191,0.21480,0.0439,0.3938,0.1150,0.324,Healthy
QLDY,Defiance Nasdaq 100 LightningSpread Income ETF,3/4/2021,280,0.45%,14,12/3/2025,Healthy,19,"12/2/2025,11/26/2025,11/19/2025,11/12/2025,11/5/2025,10/29/2025,10/22/2025,10/15/2025,10/8/2025,10/1/2025,9/24/2025,9/17/2025,9/10/2025,9/3/2025,8/27/2025,8/20/2025,8/13/2025,8/6/2025,7/30/2025,7/23/2025,7/16/2025,7/9/2025,7/2/2025,6/25/2025,6/18/2025,6/11/2025,6/4/2025,5/28/2025,5/21/2025,5/14/2025,5/7/2025,4/30/2025,4/23/2025,4/16/2025,4/9/2025,4/2/2025,3/26/2025,3/19/2025,3/12/2025,3/5/2025,2/26/2025,2/19/2025,2/12/2025,2/5/2025,1/29/2025,1/22/2025,1/15/2025,1/8/2025,1/1/2025,12/25/2024,12/18/2024,12/11/2024,12/4/2024,12/3/2025","12/2/2025, 11/26/2025, 11/19/2025, 11/12/2025, 11/5/2025, 10/29/2025, 10/22/2025, 10/15/2025, 10/8/2025, 10/1/2025, 9/24/2025, 9/17/2025, 9/10/2025, 9/3/2025, 8/27/2025, 8/20/2025, 8/13/2025, 8/6/2025, 7/30/2025, 7/23/2025, 7/16/2025, 7/9/2025, 7/2/2025, 6/25/2025, 6/18/2025, 6/11/2025, 6/4/2025, 5/28/2025, 5/21/2025, 5/14/2025, 5/7/2025, 4/30/2025, 4/23/2025, 4/16/2025, 4/9/2025, 4/2/2025, 3/26/2025, 3/19/2025, 3/12/2025, 3/5/2025, 2/26/2025, 2/19/2025, 2/12/2025, 2/5/2025, 1/29/2025, 1/22/2025, 1/15/2025, 1/8/2025, 1/1/2025, 12/25/2024, 12/18/2024, 12/11/2024, 12/4/2024, 12/3/2025",49.2399,14.9585,13.61360,14.958500,47.8200,47.36000,47.27000,0.3038,0.2613,3.600,Healthy,0.0297,0.3425,0.07400,0.2799,0.040,0.3271,0.0617,0.26970,0.0417,0.3581,0.0865,0.295,Healthy
QQQY,Defiance Nasdaq 100 Enhanced Options Income ETF,10/16/2023,120,0.40%,24,12/3/2025,Dying,2,"12/2/2025,11/26/2025,11/19/2025,11/12/2025,11/5/2025,10/29/2025,10/22/2025,10/15/2025,10/8/2025,10/1/2025,9/24/2025,9/17/2025,9/10/2025,9/3/2025,8/27/2025,8/20/2025,8/13/2025,8/6/2025,7/30/2025,7/23/2025,7/16/2025,7/9/2025,7/2/2025,6/25/2025,6/18/2025,6/11/2025,6/4/2025,5/28/2025,5/21/2025,5/14/2025,5/7/2025,4/30/2025,4/23/2025,4/16/2025,4/9/2025,4/2/2025,3/26/2025,3/19/2025,3/12/2025,3/5/2025,2/26/2025,2/19/2025,2/12/2025,2/5/2025,1/29/2025,1/22/2025,1/15/2025,1/8/2025,1/1/2025,12/25/2024,12/18/2024,12/11/2024,12/4/2024,12/3/2025","12/2/2025, 11/26/2025, 11/19/2025, 11/12/2025, 11/5/2025, 10/29/2025, 10/22/2025, 10/15/2025, 10/8/2025, 10/1/2025, 9/24/2025, 9/17/2025, 9/10/2025, 9/3/2025, 8/27/2025, 8/20/2025, 8/13/2025, 8/6/2025, 7/30/2025, 7/23/2025, 7/16/2025, 7/9/2025, 7/2/2025, 6/25/2025, 6/18/2025, 6/11/2025, 6/4/2025, 5/28/2025, 5/21/2025, 5/14/2025, 5/7/2025, 4/30/2025, 4/23/2025, 4/16/2025, 4/9/2025, 4/2/2025, 3/26/2025, 3/19/2025, 3/12/2025, 3/5/2025, 2/26/2025, 2/19/2025, 2/12/2025, 2/5/2025, 1/29/2025, 1/22/2025, 1/15/2025, 1/8/2025, 1/1/2025, 12/25/2024, 12/18/2024, 12/11/2024, 12/4/2024, 12/3/2025",24.1650,14.3014,13.36330,14.301400,24.0400,25.05000,24.46000,0.5918,0.4498,2.100,Dying,0.0052,0.6001,0.28010,0.4811,-0.035,0.4981,0.1985,0.39140,-0.0121,0.5726,0.2581,0.456,Dying
QYLD,Global X NASDAQ 100 Covered Call ETF,12/9/2013,2450,0.60%,15,12/3/2025,Healthy,43,"12/2/2025,11/26/2025,11/19/2025,11/12/2025,11/5/2025,10/29/2025,10/22/2025,10/15/2025,10/8/2025,10/1/2025,9/24/2025,9/17/2025,9/10/2025,9/3/2025,8/27/2025,8/20/2025,8/13/2025,8/6/2025,7/30/2025,7/23/2025,7/16/2025,7/9/2025,7/2/2025,6/25/2025,6/18/2025,6/11/2025,6/4/2025,5/28/2025,5/21/2025,5/14/2025,5/7/2025,4/30/2025,4/23/2025,4/16/2025,4/9/2025,4/2/2025,3/26/2025,3/19/2025,3/12/2025,3/5/2025,2/26/2025,2/19/2025,2/12/2025,2/5/2025,1/29/2025,1/22/2025,1/15/2025,1/8/2025,1/1/2025,12/25/2024,12/18/2024,12/11/2024,12/4/2024,12/3/2025","12/2/2025, 11/26/2025, 11/19/2025, 11/12/2025, 11/5/2025, 10/29/2025, 10/22/2025, 10/15/2025, 10/8/2025, 10/1/2025, 9/24/2025, 9/17/2025, 9/10/2025, 9/3/2025, 8/27/2025, 8/20/2025, 8/13/2025, 8/6/2025, 7/30/2025, 7/23/2025, 7/16/2025, 7/9/2025, 7/2/2025, 6/25/2025, 6/18/2025, 6/11/2025, 6/4/2025, 5/28/2025, 5/21/2025, 5/14/2025, 5/7/2025, 4/30/2025, 4/23/2025, 4/16/2025, 4/9/2025, 4/2/2025, 3/26/2025, 3/19/2025, 3/12/2025, 3/5/2025, 2/26/2025, 2/19/2025, 2/12/2025, 2/5/2025, 1/29/2025, 1/22/2025, 1/15/2025, 1/8/2025, 1/1/2025, 12/25/2024, 12/18/2024, 12/11/2024, 12/4/2024, 12/3/2025",17.4950,13.1074,11.47080,13.107400,18.0800,17.48000,17.31000,0.7492,0.6368,3.300,Healthy,-0.0324,0.6926,0.35410,0.5476,0.001,0.6571,0.3257,0.52580,0.0107,0.7679,0.4143,0.617,Healthy
RDTE,Roundhill Russell 2000 0DTE Covered Call Strategy ETF,11/23/2010,140,1.08%,20,12/3/2025,Dying,50,"12/2/2025,11/26/2025,11/19/2025,11/12/2025,11/5/2025,10/29/2025,10/22/2025,10/15/2025,10/8/2025,10/1/2025,9/24/2025,9/17/2025,9/10/2025,9/3/2025,8/27/2025,8/20/2025,8/13/2025,8/6/2025,7/30/2025,7/23/2025,7/16/2025,7/9/2025,7/2/2025,6/25/2025,6/18/2025,6/11/2025,6/4/2025,5/28/2025,5/21/2025,5/14/2025,5/7/2025,4/30/2025,4/23/2025,4/16/2025,4/9/2025,4/2/2025,3/26/2025,3/19/2025,3/12/2025,3/5/2025,2/26/2025,2/19/2025,2/12/2025,2/5/2025,1/29/2025,1/22/2025,1/15/2025,1/8/2025,1/1/2025,12/25/2024,12/18/2024,12/11/2024,12/4/2024,12/3/2025","12/2/2025, 11/26/2025, 11/19/2025, 11/12/2025, 11/5/2025, 10/29/2025, 10/22/2025, 10/15/2025, 10/8/2025, 10/1/2025, 9/24/2025, 9/17/2025, 9/10/2025, 9/3/2025, 8/27/2025, 8/20/2025, 8/13/2025, 8/6/2025, 7/30/2025, 7/23/2025, 7/16/2025, 7/9/2025, 7/2/2025, 6/25/2025, 6/18/2025, 6/11/2025, 6/4/2025, 5/28/2025, 5/21/2025, 5/14/2025, 5/7/2025, 4/30/2025, 4/23/2025, 4/16/2025, 4/9/2025, 4/2/2025, 3/26/2025, 3/19/2025, 3/12/2025, 3/5/2025, 2/26/2025, 2/19/2025, 2/12/2025, 2/5/2025, 1/29/2025, 1/22/2025, 1/15/2025, 1/8/2025, 1/1/2025, 12/25/2024, 12/18/2024, 12/11/2024, 12/4/2024, 12/3/2025",31.3500,12.7935,12.19050,12.793500,31.4100,30.43000,31.24000,0.4081,0.3265,2.500,Dying,-0.0019,0.4054,0.12430,0.3239,0.030,0.4308,0.1447,0.35070,0.0035,0.4130,0.1304,0.331,Dying
RDTY,YieldMax Russell 2000 0DTE Covered Call Strategy ETF,3/4/2021,110,0.55%,14,12/3/2025,Healthy,28,"12/2/2025,11/26/2025,11/19/2025,11/12/2025,11/5/2025,10/29/2025,10/22/2025,10/15/2025,10/8/2025,10/1/2025,9/24/2025,9/17/2025,9/10/2025,9/3/2025,8/27/2025,8/20/2025,8/13/2025,8/6/2025,7/30/2025,7/23/2025,7/16/2025,7/9/2025,7/2/2025,6/25/2025,6/18/2025,6/11/2025,6/4/2025,5/28/2025,5/21/2025,5/14/2025,5/7/2025,4/30/2025,4/23/2025,4/16/2025,4/9/2025,4/2/2025,3/26/2025,3/19/2025,3/12/2025,3/5/2025,2/26/2025,2/19/2025,2/12/2025,2/5/2025,1/29/2025,1/22/2025,1/15/2025,1/8/2025,1/1/2025,12/25/2024,12/18/2024,12/11/2024,12/4/2024,12/3/2025","12/2/2025, 11/26/2025, 11/19/2025, 11/12/2025, 11/5/2025, 10/29/2025, 10/22/2025, 10/15/2025, 10/8/2025, 10/1/2025, 9/24/2025, 9/17/2025, 9/10/2025, 9/3/2025, 8/27/2025, 8/20/2025, 8/13/2025, 8/6/2025, 7/30/2025, 7/23/2025, 7/16/2025, 7/9/2025, 7/2/2025, 6/25/2025, 6/18/2025, 6/11/2025, 6/4/2025, 5/28/2025, 5/21/2025, 5/14/2025, 5/7/2025, 4/30/2025, 4/23/2025, 4/16/2025, 4/9/2025, 4/2/2025, 3/26/2025, 3/19/2025, 3/12/2025, 3/5/2025, 2/26/2025, 2/19/2025, 2/12/2025, 2/5/2025, 1/29/2025, 1/22/2025, 1/15/2025, 1/8/2025, 1/1/2025, 12/25/2024, 12/18/2024, 12/11/2024, 12/4/2024, 12/3/2025",40.6999,14.1179,13.03520,14.117900,39.6000,39.64000,40.52000,0.3469,0.2983,3.600,Healthy,0.0278,0.3843,0.10740,0.3130,0.027,0.3556,0.0845,0.28980,0.0044,0.3529,0.0823,0.283,Healthy
SDTY,YieldMax S&P 500 0DTE Covered Call Strategy ETF,3/4/2021,350,0.45%,12,12/3/2025,Healthy,16,"12/2/2025,11/26/2025,11/19/2025,11/12/2025,11/5/2025,10/29/2025,10/22/2025,10/15/2025,10/8/2025,10/1/2025,9/24/2025,9/17/2025,9/10/2025,9/3/2025,8/27/2025,8/20/2025,8/13/2025,8/6/2025,7/30/2025,7/23/2025,7/16/2025,7/9/2025,7/2/2025,6/25/2025,6/18/2025,6/11/2025,6/4/2025,5/28/2025,5/21/2025,5/14/2025,5/7/2025,4/30/2025,4/23/2025,4/16/2025,4/9/2025,4/2/2025,3/26/2025,3/19/2025,3/12/2025,3/5/2025,2/26/2025,2/19/2025,2/12/2025,2/5/2025,1/29/2025,1/22/2025,1/15/2025,1/8/2025,1/1/2025,12/25/2024,12/18/2024,12/11/2024,12/4/2024,12/3/2025","12/2/2025, 11/26/2025, 11/19/2025, 11/12/2025, 11/5/2025, 10/29/2025, 10/22/2025, 10/15/2025, 10/8/2025, 10/1/2025, 9/24/2025, 9/17/2025, 9/10/2025, 9/3/2025, 8/27/2025, 8/20/2025, 8/13/2025, 8/6/2025, 7/30/2025, 7/23/2025, 7/16/2025, 7/9/2025, 7/2/2025, 6/25/2025, 6/18/2025, 6/11/2025, 6/4/2025, 5/28/2025, 5/21/2025, 5/14/2025, 5/7/2025, 4/30/2025, 4/23/2025, 4/16/2025, 4/9/2025, 4/2/2025, 3/26/2025, 3/19/2025, 3/12/2025, 3/5/2025, 2/26/2025, 2/19/2025, 2/12/2025, 2/5/2025, 1/29/2025, 1/22/2025, 1/15/2025, 1/8/2025, 1/1/2025, 12/25/2024, 12/18/2024, 12/11/2024, 12/4/2024, 12/3/2025",45.1050,15.2542,14.10270,15.254200,42.7500,44.91000,43.30000,0.3382,0.2976,4.200,Healthy,0.0551,0.4119,0.12950,0.3405,0.004,0.3184,0.0547,0.25560,0.0417,0.3940,0.1152,0.324,Healthy
SPYT,Defiance S&P 500 Target Income ETF,2/18/2020,420,0.50%,14,12/3/2025,Healthy,30,"12/2/2025,11/26/2025,11/19/2025,11/12/2025,11/5/2025,10/29/2025,10/22/2025,10/15/2025,10/8/2025,10/1/2025,9/24/2025,9/17/2025,9/10/2025,9/3/2025,8/27/2025,8/20/2025,8/13/2025,8/6/2025,7/30/2025,7/23/2025,7/16/2025,7/9/2025,7/2/2025,6/25/2025,6/18/2025,6/11/2025,6/4/2025,5/28/2025,5/21/2025,5/14/2025,5/7/2025,4/30/2025,4/23/2025,4/16/2025,4/9/2025,4/2/2025,3/26/2025,3/19/2025,3/12/2025,3/5/2025,2/26/2025,2/19/2025,2/12/2025,2/5/2025,1/29/2025,1/22/2025,1/15/2025,1/8/2025,1/1/2025,12/25/2024,12/18/2024,12/11/2024,12/4/2024,12/3/2025","12/2/2025, 11/26/2025, 11/19/2025, 11/12/2025, 11/5/2025, 10/29/2025, 10/22/2025, 10/15/2025, 10/8/2025, 10/1/2025, 9/24/2025, 9/17/2025, 9/10/2025, 9/3/2025, 8/27/2025, 8/20/2025, 8/13/2025, 8/6/2025, 7/30/2025, 7/23/2025, 7/16/2025, 7/9/2025, 7/2/2025, 6/25/2025, 6/18/2025, 6/11/2025, 6/4/2025, 5/28/2025, 5/21/2025, 5/14/2025, 5/7/2025, 4/30/2025, 4/23/2025, 4/16/2025, 4/9/2025, 4/2/2025, 3/26/2025, 3/19/2025, 3/12/2025, 3/5/2025, 2/26/2025, 2/19/2025, 2/12/2025, 2/5/2025, 1/29/2025, 1/22/2025, 1/15/2025, 1/8/2025, 1/1/2025, 12/25/2024, 12/18/2024, 12/11/2024, 12/4/2024, 12/3/2025",17.7550,13.5872,12.23370,13.587200,18.3700,17.52000,17.49000,0.7653,0.6582,3.600,Healthy,-0.0335,0.7062,0.36490,0.5582,0.013,0.7117,0.3693,0.57200,0.0152,0.7920,0.4336,0.637,Healthy
TRIL,Defiance Trillion Dollar Club Index ETF,12/11/2014,85,0.75%,11,12/3/2025,Healthy,38,"12/2/2025,11/26/2025,11/19/2025,11/12/2025,11/5/2025,10/29/2025,10/22/2025,10/15/2025,10/8/2025,10/1/2025,9/24/2025,9/17/2025,9/10/2025,9/3/2025,8/27/2025,8/20/2025,8/13/2025,8/6/2025,7/30/2025,7/23/2025,7/16/2025,7/9/2025,7/2/2025,6/25/2025,6/18/2025,6/11/2025,6/4/2025,5/28/2025,5/21/2025,5/14/2025,5/7/2025,4/30/2025,4/23/2025,4/16/2025,4/9/2025,4/2/2025,3/26/2025,3/19/2025,3/12/2025,3/5/2025,2/26/2025,2/19/2025,2/12/2025,2/5/2025,1/29/2025,1/22/2025,1/15/2025,1/8/2025,1/1/2025,12/25/2024,12/18/2024,12/11/2024,12/4/2024,12/3/2025","12/2/2025, 11/26/2025, 11/19/2025, 11/12/2025, 11/5/2025, 10/29/2025, 10/22/2025, 10/15/2025, 10/8/2025, 10/1/2025, 9/24/2025, 9/17/2025, 9/10/2025, 9/3/2025, 8/27/2025, 8/20/2025, 8/13/2025, 8/6/2025, 7/30/2025, 7/23/2025, 7/16/2025, 7/9/2025, 7/2/2025, 6/25/2025, 6/18/2025, 6/11/2025, 6/4/2025, 5/28/2025, 5/21/2025, 5/14/2025, 5/7/2025, 4/30/2025, 4/23/2025, 4/16/2025, 4/9/2025, 4/2/2025, 3/26/2025, 3/19/2025, 3/12/2025, 3/5/2025, 2/26/2025, 2/19/2025, 2/12/2025, 2/5/2025, 1/29/2025, 1/22/2025, 1/15/2025, 1/8/2025, 1/1/2025, 12/25/2024, 12/18/2024, 12/11/2024, 12/4/2024, 12/3/2025",20.4400,13.4299,12.61420,13.429900,19.7000,20.12000,20.45000,0.6570,0.5847,4.500,Healthy,0.0376,0.7193,0.37540,0.5829,0.016,0.6429,0.3143,0.51750,-0.0005,0.6562,0.3250,0.525,Healthy
TSLY,YieldMax TSLA Option Income Strategy ETF,1/10/2024,280,1.25%,35,12/3/2025,Dying,39,"12/2/2025,11/26/2025,11/19/2025,11/12/2025,11/5/2025,10/29/2025,10/22/2025,10/15/2025,10/8/2025,10/1/2025,9/24/2025,9/17/2025,9/10/2025,9/3/2025,8/27/2025,8/20/2025,8/13/2025,8/6/2025,7/30/2025,7/23/2025,7/16/2025,7/9/2025,7/2/2025,6/25/2025,6/18/2025,6/11/2025,6/4/2025,5/28/2025,5/21/2025,5/14/2025,5/7/2025,4/30/2025,4/23/2025,4/16/2025,4/9/2025,4/2/2025,3/26/2025,3/19/2025,3/12/2025,3/5/2025,2/26/2025,2/19/2025,2/12/2025,2/5/2025,1/29/2025,1/22/2025,1/15/2025,1/8/2025,1/1/2025,12/25/2024,12/18/2024,12/11/2024,12/4/2024,12/3/2025","12/2/2025, 11/26/2025, 11/19/2025, 11/12/2025, 11/5/2025, 10/29/2025, 10/22/2025, 10/15/2025, 10/8/2025, 10/1/2025, 9/24/2025, 9/17/2025, 9/10/2025, 9/3/2025, 8/27/2025, 8/20/2025, 8/13/2025, 8/6/2025, 7/30/2025, 7/23/2025, 7/16/2025, 7/9/2025, 7/2/2025, 6/25/2025, 6/18/2025, 6/11/2025, 6/4/2025, 5/28/2025, 5/21/2025, 5/14/2025, 5/7/2025, 4/30/2025, 4/23/2025, 4/16/2025, 4/9/2025, 4/2/2025, 3/26/2025, 3/19/2025, 3/12/2025, 3/5/2025, 2/26/2025, 2/19/2025, 2/12/2025, 2/5/2025, 1/29/2025, 1/22/2025, 1/15/2025, 1/8/2025, 1/1/2025, 12/25/2024, 12/18/2024, 12/11/2024, 12/4/2024, 12/3/2025",38.4650,11.3409,10.99260,11.340900,40.2600,38.53000,40.30000,0.2948,0.1916,1.400,Dying,-0.0446,0.2371,-0.01030,0.1808,-0.002,0.2836,0.0269,0.22660,-0.0455,0.2359,-0.0113,0.180,Dying
TSMY,YieldMax TSM Option Income Strategy ETF,12/14/2021,95,1.08%,28,12/3/2025,Dying,26,"12/2/2025,11/26/2025,11/19/2025,11/12/2025,11/5/2025,10/29/2025,10/22/2025,10/15/2025,10/8/2025,10/1/2025,9/24/2025,9/17/2025,9/10/2025,9/3/2025,8/27/2025,8/20/2025,8/13/2025,8/6/2025,7/30/2025,7/23/2025,7/16/2025,7/9/2025,7/2/2025,6/25/2025,6/18/2025,6/11/2025,6/4/2025,5/28/2025,5/21/2025,5/14/2025,5/7/2025,4/30/2025,4/23/2025,4/16/2025,4/9/2025,4/2/2025,3/26/2025,3/19/2025,3/12/2025,3/5/2025,2/26/2025,2/19/2025,2/12/2025,2/5/2025,1/29/2025,1/22/2025,1/15/2025,1/8/2025,1/1/2025,12/25/2024,12/18/2024,12/11/2024,12/4/2024,12/3/2025","12/2/2025, 11/26/2025, 11/19/2025, 11/12/2025, 11/5/2025, 10/29/2025, 10/22/2025, 10/15/2025, 10/8/2025, 10/1/2025, 9/24/2025, 9/17/2025, 9/10/2025, 9/3/2025, 8/27/2025, 8/20/2025, 8/13/2025, 8/6/2025, 7/30/2025, 7/23/2025, 7/16/2025, 7/9/2025, 7/2/2025, 6/25/2025, 6/18/2025, 6/11/2025, 6/4/2025, 5/28/2025, 5/21/2025, 5/14/2025, 5/7/2025, 4/30/2025, 4/23/2025, 4/16/2025, 4/9/2025, 4/2/2025, 3/26/2025, 3/19/2025, 3/12/2025, 3/5/2025, 2/26/2025, 2/19/2025, 2/12/2025, 2/5/2025, 1/29/2025, 1/22/2025, 1/15/2025, 1/8/2025, 1/1/2025, 12/25/2024, 12/18/2024, 12/11/2024, 12/4/2024, 12/3/2025",15.6618,14.2427,13.51180,14.242700,15.2700,15.49000,14.95000,0.9094,0.6548,1.800,Dying,0.0257,0.9584,0.56670,0.7718,0.011,0.8834,0.5067,0.70890,0.0476,1.0003,0.6002,0.810,Dying
ULTY,YieldMax Ultra Option Income Strategy ETF,9/28/2021,340,0.50%,16,12/3/2025,Healthy,23,"12/2/2025,11/26/2025,11/19/2025,11/12/2025,11/5/2025,10/29/2025,10/22/2025,10/15/2025,10/8/2025,10/1/2025,9/24/2025,9/17/2025,9/10/2025,9/3/2025,8/27/2025,8/20/2025,8/13/2025,8/6/2025,7/30/2025,7/23/2025,7/16/2025,7/9/2025,7/2/2025,6/25/2025,6/18/2025,6/11/2025,6/4/2025,5/28/2025,5/21/2025,5/14/2025,5/7/2025,4/30/2025,4/23/2025,4/16/2025,4/9/2025,4/2/2025,3/26/2025,3/19/2025,3/12/2025,3/5/2025,2/26/2025,2/19/2025,2/12/2025,2/5/2025,1/29/2025,1/22/2025,1/15/2025,1/8/2025,1/1/2025,12/25/2024,12/18/2024,12/11/2024,12/4/2024,12/3/2025","12/2/2025, 11/26/2025, 11/19/2025, 11/12/2025, 11/5/2025, 10/29/2025, 10/22/2025, 10/15/2025, 10/8/2025, 10/1/2025, 9/24/2025, 9/17/2025, 9/10/2025, 9/3/2025, 8/27/2025, 8/20/2025, 8/13/2025, 8/6/2025, 7/30/2025, 7/23/2025, 7/16/2025, 7/9/2025, 7/2/2025, 6/25/2025, 6/18/2025, 6/11/2025, 6/4/2025, 5/28/2025, 5/21/2025, 5/14/2025, 5/7/2025, 4/30/2025, 4/23/2025, 4/16/2025, 4/9/2025, 4/2/2025, 3/26/2025, 3/19/2025, 3/12/2025, 3/5/2025, 2/26/2025, 2/19/2025, 2/12/2025, 2/5/2025, 1/29/2025, 1/22/2025, 1/15/2025, 1/8/2025, 1/1/2025, 12/25/2024, 12/18/2024, 12/11/2024, 12/4/2024, 12/3/2025",40.0150,14.5219,13.20840,14.521900,39.2900,40.02000,39.17000,0.3629,0.3048,3.100,Healthy,0.0185,0.3881,0.11040,0.3141,-0.000,0.3299,0.0639,0.26390,0.0216,0.3923,0.1139,0.318,Healthy
USOY,Defiance Oil Enhanced Options Income ETF,7/29/2020,180,0.45%,13,12/3/2025,Healthy,13,"12/2/2025,11/26/2025,11/19/2025,11/12/2025,11/5/2025,10/29/2025,10/22/2025,10/15/2025,10/8/2025,10/1/2025,9/24/2025,9/17/2025,9/10/2025,9/3/2025,8/27/2025,8/20/2025,8/13/2025,8/6/2025,7/30/2025,7/23/2025,7/16/2025,7/9/2025,7/2/2025,6/25/2025,6/18/2025,6/11/2025,6/4/2025,5/28/2025,5/21/2025,5/14/2025,5/7/2025,4/30/2025,4/23/2025,4/16/2025,4/9/2025,4/2/2025,3/26/2025,3/19/2025,3/12/2025,3/5/2025,2/26/2025,2/19/2025,2/12/2025,2/5/2025,1/29/2025,1/22/2025,1/15/2025,1/8/2025,1/1/2025,12/25/2024,12/18/2024,12/11/2024,12/4/2024,12/3/2025","12/2/2025, 11/26/2025, 11/19/2025, 11/12/2025, 11/5/2025, 10/29/2025, 10/22/2025, 10/15/2025, 10/8/2025, 10/1/2025, 9/24/2025, 9/17/2025, 9/10/2025, 9/3/2025, 8/27/2025, 8/20/2025, 8/13/2025, 8/6/2025, 7/30/2025, 7/23/2025, 7/16/2025, 7/9/2025, 7/2/2025, 6/25/2025, 6/18/2025, 6/11/2025, 6/4/2025, 5/28/2025, 5/21/2025, 5/14/2025, 5/7/2025, 4/30/2025, 4/23/2025, 4/16/2025, 4/9/2025, 4/2/2025, 3/26/2025, 3/19/2025, 3/12/2025, 3/5/2025, 2/26/2025, 2/19/2025, 2/12/2025, 2/5/2025, 1/29/2025, 1/22/2025, 1/15/2025, 1/8/2025, 1/1/2025, 12/25/2024, 12/18/2024, 12/11/2024, 12/4/2024, 12/3/2025",6.8650,13.5640,12.75810,13.564000,6.8700,6.88000,7.23000,1.9758,1.7189,3.800,Healthy,-0.0007,1.9737,1.37890,1.5788,-0.002,1.8522,1.2818,1.48130,-0.0505,1.8256,1.2605,1.450,Healthy
WDTE,Tidal Trust II - Defiance S&P 500 Enhanced Options & 0DTE Income ETF,11/23/2010,160,1.08%,24,12/3/2025,Dying,48,"12/2/2025,11/26/2025,11/19/2025,11/12/2025,11/5/2025,10/29/2025,10/22/2025,10/15/2025,10/8/2025,10/1/2025,9/24/2025,9/17/2025,9/10/2025,9/3/2025,8/27/2025,8/20/2025,8/13/2025,8/6/2025,7/30/2025,7/23/2025,7/16/2025,7/9/2025,7/2/2025,6/25/2025,6/18/2025,6/11/2025,6/4/2025,5/28/2025,5/21/2025,5/14/2025,5/7/2025,4/30/2025,4/23/2025,4/16/2025,4/9/2025,4/2/2025,3/26/2025,3/19/2025,3/12/2025,3/5/2025,2/26/2025,2/19/2025,2/12/2025,2/5/2025,1/29/2025,1/22/2025,1/15/2025,1/8/2025,1/1/2025,12/25/2024,12/18/2024,12/11/2024,12/4/2024,12/3/2025","12/2/2025, 11/26/2025, 11/19/2025, 11/12/2025, 11/5/2025, 10/29/2025, 10/22/2025, 10/15/2025, 10/8/2025, 10/1/2025, 9/24/2025, 9/17/2025, 9/10/2025, 9/3/2025, 8/27/2025, 8/20/2025, 8/13/2025, 8/6/2025, 7/30/2025, 7/23/2025, 7/16/2025, 7/9/2025, 7/2/2025, 6/25/2025, 6/18/2025, 6/11/2025, 6/4/2025, 5/28/2025, 5/21/2025, 5/14/2025, 5/7/2025, 4/30/2025, 4/23/2025, 4/16/2025, 4/9/2025, 4/2/2025, 3/26/2025, 3/19/2025, 3/12/2025, 3/5/2025, 2/26/2025, 2/19/2025, 2/12/2025, 2/5/2025, 1/29/2025, 1/22/2025, 1/15/2025, 1/8/2025, 1/1/2025, 12/25/2024, 12/18/2024, 12/11/2024, 12/4/2024, 12/3/2025",32.3489,12.6427,12.18700,12.642700,33.5000,31.84000,30.76000,0.3908,0.2970,2.100,Dying,-0.0344,0.3430,0.07440,0.2676,0.016,0.3987,0.1190,0.32220,0.0517,0.4627,0.1701,0.381,Dying
XDTE,Roundhill ETF Trust - Roundhill S&P 500 0DTE Covered Call Strategy ETF,11/23/2010,320,1.08%,18,12/3/2025,Healthy,8,"12/2/2025,11/26/2025,11/19/2025,11/12/2025,11/5/2025,10/29/2025,10/22/2025,10/15/2025,10/8/2025,10/1/2025,9/24/2025,9/17/2025,9/10/2025,9/3/2025,8/27/2025,8/20/2025,8/13/2025,8/6/2025,7/30/2025,7/23/2025,7/16/2025,7/9/2025,7/2/2025,6/25/2025,6/18/2025,6/11/2025,6/4/2025,5/28/2025,5/21/2025,5/14/2025,5/7/2025,4/30/2025,4/23/2025,4/16/2025,4/9/2025,4/2/2025,3/26/2025,3/19/2025,3/12/2025,3/5/2025,2/26/2025,2/19/2025,2/12/2025,2/5/2025,1/29/2025,1/22/2025,1/15/2025,1/8/2025,1/1/2025,12/25/2024,12/18/2024,12/11/2024,12/4/2024,12/3/2025","12/2/2025, 11/26/2025, 11/19/2025, 11/12/2025, 11/5/2025, 10/29/2025, 10/22/2025, 10/15/2025, 10/8/2025, 10/1/2025, 9/24/2025, 9/17/2025, 9/10/2025, 9/3/2025, 8/27/2025, 8/20/2025, 8/13/2025, 8/6/2025, 7/30/2025, 7/23/2025, 7/16/2025, 7/9/2025, 7/2/2025, 6/25/2025, 6/18/2025, 6/11/2025, 6/4/2025, 5/28/2025, 5/21/2025, 5/14/2025, 5/7/2025, 4/30/2025, 4/23/2025, 4/16/2025, 4/9/2025, 4/2/2025, 3/26/2025, 3/19/2025, 3/12/2025, 3/5/2025, 2/26/2025, 2/19/2025, 2/12/2025, 2/5/2025, 1/29/2025, 1/22/2025, 1/15/2025, 1/8/2025, 1/1/2025, 12/25/2024, 12/18/2024, 12/11/2024, 12/4/2024, 12/3/2025",43.5350,14.7320,13.67050,14.732000,44.0600,41.86000,42.95000,0.3384,0.2775,2.800,Healthy,-0.0119,0.3224,0.05800,0.2556,0.040,0.3666,0.0933,0.30130,0.0136,0.3566,0.0853,0.288,Healthy
XYLD,Global X S&P 500 Covered Call ETF,5/9/2019,1200,0.60%,12,12/3/2025,Healthy,52,"12/2/2025,11/26/2025,11/19/2025,11/12/2025,11/5/2025,10/29/2025,10/22/2025,10/15/2025,10/8/2025,10/1/2025,9/24/2025,9/17/2025,9/10/2025,9/3/2025,8/27/2025,8/20/2025,8/13/2025,8/6/2025,7/30/2025,7/23/2025,7/16/2025,7/9/2025,7/2/2025,6/25/2025,6/18/2025,6/11/2025,6/4/2025,5/28/2025,5/21/2025,5/14/2025,5/7/2025,4/30/2025,4/23/2025,4/16/2025,4/9/2025,4/2/2025,3/26/2025,3/19/2025,3/12/2025,3/5/2025,2/26/2025,2/19/2025,2/12/2025,2/5/2025,1/29/2025,1/22/2025,1/15/2025,1/8/2025,1/1/2025,12/25/2024,12/18/2024,12/11/2024,12/4/2024,12/3/2025","12/2/2025, 11/26/2025, 11/19/2025, 11/12/2025, 11/5/2025, 10/29/2025, 10/22/2025, 10/15/2025, 10/8/2025, 10/1/2025, 9/24/2025, 9/17/2025, 9/10/2025, 9/3/2025, 8/27/2025, 8/20/2025, 8/13/2025, 8/6/2025, 7/30/2025, 7/23/2025, 7/16/2025, 7/9/2025, 7/2/2025, 6/25/2025, 6/18/2025, 6/11/2025, 6/4/2025, 5/28/2025, 5/21/2025, 5/14/2025, 5/7/2025, 4/30/2025, 4/23/2025, 4/16/2025, 4/9/2025, 4/2/2025, 3/26/2025, 3/19/2025, 3/12/2025, 3/5/2025, 2/26/2025, 2/19/2025, 2/12/2025, 2/5/2025, 1/29/2025, 1/22/2025, 1/15/2025, 1/8/2025, 1/1/2025, 12/25/2024, 12/18/2024, 12/11/2024, 12/4/2024, 12/3/2025",40.3150,14.7426,12.93030,14.742600,41.5400,38.82000,40.37000,0.3657,0.3218,4.200,Healthy,-0.0295,0.3254,0.06030,0.2544,0.039,0.3716,0.0973,0.30500,-0.0014,0.3638,0.0911,0.291,Healthy
XYYY,XYYY,,,,15,12/3/2025,Healthy,42,,,,,,,,,,0.0000,0.0000,3.300,Healthy,,,,,,,,,,,,,Healthy
YBIT,YieldMax Bitcoin Option Income Strategy ETF,10/4/2021,220,1.25%,45,12/3/2025,Dead,27,"12/2/2025,11/26/2025,11/19/2025,11/12/2025,11/5/2025,10/29/2025,10/22/2025,10/15/2025,10/8/2025,10/1/2025,9/24/2025,9/17/2025,9/10/2025,9/3/2025,8/27/2025,8/20/2025,8/13/2025,8/6/2025,7/30/2025,7/23/2025,7/16/2025,7/9/2025,7/2/2025,6/25/2025,6/18/2025,6/11/2025,6/4/2025,5/28/2025,5/21/2025,5/14/2025,5/7/2025,4/30/2025,4/23/2025,4/16/2025,4/9/2025,4/2/2025,3/26/2025,3/19/2025,3/12/2025,3/5/2025,2/26/2025,2/19/2025,2/12/2025,2/5/2025,1/29/2025,1/22/2025,1/15/2025,1/8/2025,1/1/2025,12/25/2024,12/18/2024,12/11/2024,12/4/2024,12/3/2025","12/2/2025, 11/26/2025, 11/19/2025, 11/12/2025, 11/5/2025, 10/29/2025, 10/22/2025, 10/15/2025, 10/8/2025, 10/1/2025, 9/24/2025, 9/17/2025, 9/10/2025, 9/3/2025, 8/27/2025, 8/20/2025, 8/13/2025, 8/6/2025, 7/30/2025, 7/23/2025, 7/16/2025, 7/9/2025, 7/2/2025, 6/25/2025, 6/18/2025, 6/11/2025, 6/4/2025, 5/28/2025, 5/21/2025, 5/14/2025, 5/7/2025, 4/30/2025, 4/23/2025, 4/16/2025, 4/9/2025, 4/2/2025, 3/26/2025, 3/19/2025, 3/12/2025, 3/5/2025, 2/26/2025, 2/19/2025, 2/12/2025, 2/5/2025, 1/29/2025, 1/22/2025, 1/15/2025, 1/8/2025, 1/1/2025, 12/25/2024, 12/18/2024, 12/11/2024, 12/4/2024, 12/3/2025",36.3400,14.7207,13.81480,14.720700,34.5500,34.98000,36.42000,0.4051,0.2228,1.100,Dead,0.0518,0.4779,0.18230,0.3927,0.039,0.4338,0.1471,0.35480,-0.0022,0.4020,0.1216,0.321,Dead
YBMN,Defiance BMNR Option Income ETF,,,,15,12/3/2025,Healthy,29,"12/2/2025,11/26/2025,11/19/2025,11/12/2025,11/5/2025,10/29/2025,10/22/2025,10/15/2025,10/8/2025,10/1/2025,9/24/2025,9/17/2025,9/10/2025,9/3/2025,8/27/2025,8/20/2025,8/13/2025,8/6/2025,7/30/2025,7/23/2025,7/16/2025,7/9/2025,7/2/2025,6/25/2025,6/18/2025,6/11/2025,6/4/2025,5/28/2025,5/21/2025,5/14/2025,5/7/2025,4/30/2025,4/23/2025,4/16/2025,4/9/2025,4/2/2025,3/26/2025,3/19/2025,3/12/2025,3/5/2025,2/26/2025,2/19/2025,2/12/2025,2/5/2025,1/29/2025,1/22/2025,1/15/2025,1/8/2025,1/1/2025,12/25/2024,12/18/2024,12/11/2024,12/4/2024,12/3/2025","12/2/2025, 11/26/2025, 11/19/2025, 11/12/2025, 11/5/2025, 10/29/2025, 10/22/2025, 10/15/2025, 10/8/2025, 10/1/2025, 9/24/2025, 9/17/2025, 9/10/2025, 9/3/2025, 8/27/2025, 8/20/2025, 8/13/2025, 8/6/2025, 7/30/2025, 7/23/2025, 7/16/2025, 7/9/2025, 7/2/2025, 6/25/2025, 6/18/2025, 6/11/2025, 6/4/2025, 5/28/2025, 5/21/2025, 5/14/2025, 5/7/2025, 4/30/2025, 4/23/2025, 4/16/2025, 4/9/2025, 4/2/2025, 3/26/2025, 3/19/2025, 3/12/2025, 3/5/2025, 2/26/2025, 2/19/2025, 2/12/2025, 2/5/2025, 1/29/2025, 1/22/2025, 1/15/2025, 1/8/2025, 1/1/2025, 12/25/2024, 12/18/2024, 12/11/2024, 12/4/2024, 12/3/2025",25.6100,13.5084,12.51610,13.508400,26.1400,24.64000,26.03000,0.5275,0.4484,3.300,Healthy,-0.0203,0.4965,0.19720,0.3931,0.039,0.5473,0.2379,0.44570,-0.0161,0.5028,0.2023,0.399,Healthy
YBTC,Roundhill Bitcoin Covered Call Strategy ETF,10/4/2021,220,1.25%,42,12/3/2025,Dead,17,"12/2/2025,11/26/2025,11/19/2025,11/12/2025,11/5/2025,10/29/2025,10/22/2025,10/15/2025,10/8/2025,10/1/2025,9/24/2025,9/17/2025,9/10/2025,9/3/2025,8/27/2025,8/20/2025,8/13/2025,8/6/2025,7/30/2025,7/23/2025,7/16/2025,7/9/2025,7/2/2025,6/25/2025,6/18/2025,6/11/2025,6/4/2025,5/28/2025,5/21/2025,5/14/2025,5/7/2025,4/30/2025,4/23/2025,4/16/2025,4/9/2025,4/2/2025,3/26/2025,3/19/2025,3/12/2025,3/5/2025,2/26/2025,2/19/2025,2/12/2025,2/5/2025,1/29/2025,1/22/2025,1/15/2025,1/8/2025,1/1/2025,12/25/2024,12/18/2024,12/11/2024,12/4/2024,12/3/2025","12/2/2025, 11/26/2025, 11/19/2025, 11/12/2025, 11/5/2025, 10/29/2025, 10/22/2025, 10/15/2025, 10/8/2025, 10/1/2025, 9/24/2025, 9/17/2025, 9/10/2025, 9/3/2025, 8/27/2025, 8/20/2025, 8/13/2025, 8/6/2025, 7/30/2025, 7/23/2025, 7/16/2025, 7/9/2025, 7/2/2025, 6/25/2025, 6/18/2025, 6/11/2025, 6/4/2025, 5/28/2025, 5/21/2025, 5/14/2025, 5/7/2025, 4/30/2025, 4/23/2025, 4/16/2025, 4/9/2025, 4/2/2025, 3/26/2025, 3/19/2025, 3/12/2025, 3/5/2025, 2/26/2025, 2/19/2025, 2/12/2025, 2/5/2025, 1/29/2025, 1/22/2025, 1/15/2025, 1/8/2025, 1/1/2025, 12/25/2024, 12/18/2024, 12/11/2024, 12/4/2024, 12/3/2025",32.3050,13.8102,12.52360,13.810200,31.2100,30.96000,30.67000,0.4275,0.2480,1.200,Dead,0.0351,0.4776,0.18210,0.3891,0.043,0.4480,0.1584,0.36710,0.0533,0.5036,0.2029,0.414,Dead
YETH,Roundhill Ether Covered Call Strategy ETF,10/4/2021,155,1.25%,40,12/3/2025,Dead,3,"12/2/2025,11/26/2025,11/19/2025,11/12/2025,11/5/2025,10/29/2025,10/22/2025,10/15/2025,10/8/2025,10/1/2025,9/24/2025,9/17/2025,9/10/2025,9/3/2025,8/27/2025,8/20/2025,8/13/2025,8/6/2025,7/30/2025,7/23/2025,7/16/2025,7/9/2025,7/2/2025,6/25/2025,6/18/2025,6/11/2025,6/4/2025,5/28/2025,5/21/2025,5/14/2025,5/7/2025,4/30/2025,4/23/2025,4/16/2025,4/9/2025,4/2/2025,3/26/2025,3/19/2025,3/12/2025,3/5/2025,2/26/2025,2/19/2025,2/12/2025,2/5/2025,1/29/2025,1/22/2025,1/15/2025,1/8/2025,1/1/2025,12/25/2024,12/18/2024,12/11/2024,12/4/2024,12/3/2025","12/2/2025, 11/26/2025, 11/19/2025, 11/12/2025, 11/5/2025, 10/29/2025, 10/22/2025, 10/15/2025, 10/8/2025, 10/1/2025, 9/24/2025, 9/17/2025, 9/10/2025, 9/3/2025, 8/27/2025, 8/20/2025, 8/13/2025, 8/6/2025, 7/30/2025, 7/23/2025, 7/16/2025, 7/9/2025, 7/2/2025, 6/25/2025, 6/18/2025, 6/11/2025, 6/4/2025, 5/28/2025, 5/21/2025, 5/14/2025, 5/7/2025, 4/30/2025, 4/23/2025, 4/16/2025, 4/9/2025, 4/2/2025, 3/26/2025, 3/19/2025, 3/12/2025, 3/5/2025, 2/26/2025, 2/19/2025, 2/12/2025, 2/5/2025, 1/29/2025, 1/22/2025, 1/15/2025, 1/8/2025, 1/1/2025, 12/25/2024, 12/18/2024, 12/11/2024, 12/4/2024, 12/3/2025",17.6650,13.3134,12.66140,13.313400,18.5300,17.67000,18.48000,0.7537,0.4522,1.200,Dead,-0.0467,0.6718,0.33740,0.5281,-0.000,0.7163,0.3730,0.57300,-0.0441,0.6763,0.3411,0.532,Dead
YMAG,YieldMax Magnificent 7 Fund of Option Income ETF,10/16/2023,480,0.40%,26,12/3/2025,Dying,22,"12/2/2025,11/26/2025,11/19/2025,11/12/2025,11/5/2025,10/29/2025,10/22/2025,10/15/2025,10/8/2025,10/1/2025,9/24/2025,9/17/2025,9/10/2025,9/3/2025,8/27/2025,8/20/2025,8/13/2025,8/6/2025,7/30/2025,7/23/2025,7/16/2025,7/9/2025,7/2/2025,6/25/2025,6/18/2025,6/11/2025,6/4/2025,5/28/2025,5/21/2025,5/14/2025,5/7/2025,4/30/2025,4/23/2025,4/16/2025,4/9/2025,4/2/2025,3/26/2025,3/19/2025,3/12/2025,3/5/2025,2/26/2025,2/19/2025,2/12/2025,2/5/2025,1/29/2025,1/22/2025,1/15/2025,1/8/2025,1/1/2025,12/25/2024,12/18/2024,12/11/2024,12/4/2024,12/3/2025","12/2/2025, 11/26/2025, 11/19/2025, 11/12/2025, 11/5/2025, 10/29/2025, 10/22/2025, 10/15/2025, 10/8/2025, 10/1/2025, 9/24/2025, 9/17/2025, 9/10/2025, 9/3/2025, 8/27/2025, 8/20/2025, 8/13/2025, 8/6/2025, 7/30/2025, 7/23/2025, 7/16/2025, 7/9/2025, 7/2/2025, 6/25/2025, 6/18/2025, 6/11/2025, 6/4/2025, 5/28/2025, 5/21/2025, 5/14/2025, 5/7/2025, 4/30/2025, 4/23/2025, 4/16/2025, 4/9/2025, 4/2/2025, 3/26/2025, 3/19/2025, 3/12/2025, 3/5/2025, 2/26/2025, 2/19/2025, 2/12/2025, 2/5/2025, 1/29/2025, 1/22/2025, 1/15/2025, 1/8/2025, 1/1/2025, 12/25/2024, 12/18/2024, 12/11/2024, 12/4/2024, 12/3/2025",14.7050,12.9045,11.68050,12.904500,15.1900,15.01000,15.00000,0.8776,0.6494,1.900,Dying,-0.0319,0.8176,0.45410,0.6477,-0.020,0.7579,0.4063,0.60220,-0.0197,0.8406,0.4725,0.669,Dying
YMAX,YieldMax Universe Fund of Option Income ETF,6/19/2015,300,0.75%,8,12/3/2025,Healthy,25,"12/2/2025,11/26/2025,11/19/2025,11/12/2025,11/5/2025,10/29/2025,10/22/2025,10/15/2025,10/8/2025,10/1/2025,9/24/2025,9/17/2025,9/10/2025,9/3/2025,8/27/2025,8/20/2025,8/13/2025,8/6/2025,7/30/2025,7/23/2025,7/16/2025,7/9/2025,7/2/2025,6/25/2025,6/18/2025,6/11/2025,6/4/2025,5/28/2025,5/21/2025,5/14/2025,5/7/2025,4/30/2025,4/23/2025,4/16/2025,4/9/2025,4/2/2025,3/26/2025,3/19/2025,3/12/2025,3/5/2025,2/26/2025,2/19/2025,2/12/2025,2/5/2025,1/29/2025,1/22/2025,1/15/2025,1/8/2025,1/1/2025,12/25/2024,12/18/2024,12/11/2024,12/4/2024,12/3/2025","12/2/2025, 11/26/2025, 11/19/2025, 11/12/2025, 11/5/2025, 10/29/2025, 10/22/2025, 10/15/2025, 10/8/2025, 10/1/2025, 9/24/2025, 9/17/2025, 9/10/2025, 9/3/2025, 8/27/2025, 8/20/2025, 8/13/2025, 8/6/2025, 7/30/2025, 7/23/2025, 7/16/2025, 7/9/2025, 7/2/2025, 6/25/2025, 6/18/2025, 6/11/2025, 6/4/2025, 5/28/2025, 5/21/2025, 5/14/2025, 5/7/2025, 4/30/2025, 4/23/2025, 4/16/2025, 4/9/2025, 4/2/2025, 3/26/2025, 3/19/2025, 3/12/2025, 3/5/2025, 2/26/2025, 2/19/2025, 2/12/2025, 2/5/2025, 1/29/2025, 1/22/2025, 1/15/2025, 1/8/2025, 1/1/2025, 12/25/2024, 12/18/2024, 12/11/2024, 12/4/2024, 12/3/2025",10.6950,12.7309,12.15630,12.730900,10.9600,10.22000,10.39000,1.1904,1.0952,6.200,Healthy,-0.0242,1.1374,0.70990,0.9051,0.047,1.2359,0.7888,0.99800,0.0294,1.2547,0.8037,1.010,Healthy